Workbook

Sheet Base de donnée
AF4: del15 | AG4: 0.85 | AH4: =AG4 -> 0.85 | AI4: =AH4 -> 0.85 | AJ4: =AI4 -> 0.85 | AK4: =AJ4 -> 0.85 | AL4: =AK4 -> 0.85 | AM4: =AL4 -> 0.85 | AN4: =AM4 -> 0.85 | AO4: =AN4 -> 0.85 | ... AS4: =AR4 -> 0.85
X5: 1000000 | AF5: minima | AG5: 0.9 | AH5: =AG5 -> 0.9 | AI5: =AH5 -> 0.9 | AJ5: =AI5 -> 0.9 | AK5: =AJ5 -> 0.9 | AL5: =AK5 -> 0.9 | AM5: =AL5 -> 0.9 | AN5: =AM5 -> 0.9 | AO5: =AN5 -> 0.9 | ... AS5: =AR5 -> 0.9
X6: =IF(X5=1000,"milliers","millions") -> millions | AF6: appel traités | AG6: 0.9 | AH6: =AG6 -> 0.9 | AI6: =AH6 -> 0.9 | AJ6: =AI6 -> 0.9 | AK6: =AJ6 -> 0.9 | AL6: =AK6 -> 0.9 | AM6: =AL6 -> 0.9 | AN6: =AM6 -> 0.9 | AO6: =AN6 -> 0.9 | ... AS6: =AR6 -> 0.9
AF7: appel agents | AG7: 0.9 | AH7: =AG7 -> 0.9 | AI7: =AH7 -> 0.9 | AJ7: =AI7 -> 0.9 | AK7: =AJ7 -> 0.9 | AL7: =AK7 -> 0.9 | AM7: =AL7 -> 0.9 | AN7: =AM7 -> 0.9 | AO7: =AN7 -> 0.9 | ... AS7: =AR7 -> 0.9
AF8: visites 20 | AG8: 0.85 | AH8: =AG8 -> 0.85 | AI8: =AH8 -> 0.85 | AJ8: =AI8 -> 0.85 | AK8: =AJ8 -> 0.85 | AL8: =AK8 -> 0.85 | AM8: =AL8 -> 0.85 | AN8: =AM8 -> 0.85 | AO8: =AN8 -> 0.85 | ... AS8: =AR8 -> 0.85
AG10: Jan | AH10: Fev | AI10: Mars | AJ10: Avr | AK10: Mai | AL10: Juin | AM10: Juil | AN10: Août | AO10: Sept | AP10: Oct | AQ10: Nov | AR10: Dec | AS10: Cumul | AV10: 1 | AW10: Janvier
AV11: 2 | AW11: Fevrier
AV12: 3 | AW12: Mars
AD13: D | AE13: E | AF13: F | AG13: G | AH13: H | AI13: I | AJ13: J | AK13: K | AL13: L | AM13: M | AN13: N | AO13: O | AP13: P | AQ13: Q | AR13: R | AS13: S | AV13: 4 | AW13: Avril
D14: NUMORG | E14: annee | F14: _NAME_ | G14: 1 | H14: 2 | I14: 3 | J14: 4 | K14: 5 | L14: 6 | M14: 7 | N14: 8 | O14: 9 | P14: 10 | Q14: 11 | R14: 12 | S14: COL1 | W14: Rang | X14: NumOrg | Y14: Début | Z14: Fin | AD14: NUMORG | AE14: annee | AF14: _NAME_ | AG14: 1 | AH14: 2 | AI14: 3 | AJ14: 4 | AK14: 5 | AL14: 6 | AM14: 7 | AN14: 8 | AO14: 9 | AP14: 10 | AQ14: 11 | AR14: 12 | AS14: COL1 | AV14: 5 | AW14: Mai
D15: 000 | E15: 2013 | F15: VIS20_cc | S15: 0.86826409 | W15: 1 | X15: 000 | Y15: 15 | Z15: 68 | AC15: =VLOOKUP(tdb1_ems!C1,'Base de donnée'!W15:Z117,3) -> 69 | AD15: {=IF(INDIRECT(AD$13&$AC15)=0,NA(),INDIRECT(AD$13&$AC15))} -> 01a | AE15: {=IF(INDIRECT(AE$13&$AC15)=0,NA(),INDIRECT(AE$13&$AC15))} -> 2013 | AF15: {=IF(INDIRECT(AF$13&$AC15)=0,NA(),INDIRECT(AF$13&$AC15))} -> VIS20_cc | AG15: {=IF(INDIRECT(AG$13&$AC15)=0,NA(),INDIRECT(AG$13&$AC15))} -> #N/A | AH15: {=IF(INDIRECT(AH$13&$AC15)=0,NA(),INDIRECT(AH$13&$AC15))} -> #N/A | AI15: {=IF(INDIRECT(AI$13&$AC15)=0,NA(),INDIRECT(AI$13&$AC15))} -> #N/A | AJ15: {=IF(INDIRECT(AJ$13&$AC15)=0,NA(),INDIRECT(AJ$13&$AC15))} -> #N/A | AK15: {=IF(INDIRECT(AK$13&$AC15)=0,NA(),INDIRECT(AK$13&$AC15))} -> #N/A | ... AS15: {=IF(INDIRECT(AS$13&$AC15)=0,NA(),INDIRECT(AS$13&$AC15))} -> 0.83363363 | AV15: 6 | AW15: Juin
D16: 000 | E16: 2014 | F16: VIS20_cc | S16: 0.88626276 | W16: 2 | X16: 01a | Y16: =Z15+1 -> 69 | Z16: =Y16+(Z15-Y15) -> 122 | AC16: =AC15+1 -> 70 | AD16: {=IF(INDIRECT(AD$13&$AC16)=0,NA(),INDIRECT(AD$13&$AC16))} -> 01a | AE16: {=IF(INDIRECT(AE$13&$AC16)=0,NA(),INDIRECT(AE$13&$AC16))} -> 2014 | AF16: {=IF(INDIRECT(AF$13&$AC16)=0,NA(),INDIRECT(AF$13&$AC16))} -> VIS20_cc | AG16: {=IF(INDIRECT(AG$13&$AC16)=0,NA(),INDIRECT(AG$13&$AC16))} -> #N/A | AH16: {=IF(INDIRECT(AH$13&$AC16)=0,NA(),INDIRECT(AH$13&$AC16))} -> #N/A | AI16: {=IF(INDIRECT(AI$13&$AC16)=0,NA(),INDIRECT(AI$13&$AC16))} -> #N/A | AJ16: {=IF(INDIRECT(AJ$13&$AC16)=0,NA(),INDIRECT(AJ$13&$AC16))} -> #N/A | AK16: {=IF(INDIRECT(AK$13&$AC16)=0,NA(),INDIRECT(AK$13&$AC16))} -> #N/A | ... AS16: {=IF(INDIRECT(AS$13&$AC16)=0,NA(),INDIRECT(AS$13&$AC16))} -> 0.81313634 | AV16: 7 | AW16: Juillet
D17: 000 | E17: 2015 | F17: VIS20_cc | S17: 0.91326402 | W17: 3 | X17: 01b | Y17: =Z16+1 -> 123 | Z17: =Y17+(Z16-Y16) -> 176 | AC17: =AC16+1 -> 71 | AD17: {=IF(INDIRECT(AD$13&$AC17)=0,NA(),INDIRECT(AD$13&$AC17))} -> 01a | AE17: {=IF(INDIRECT(AE$13&$AC17)=0,NA(),INDIRECT(AE$13&$AC17))} -> 2015 | AF17: {=IF(INDIRECT(AF$13&$AC17)=0,NA(),INDIRECT(AF$13&$AC17))} -> VIS20_cc | AG17: {=IF(INDIRECT(AG$13&$AC17)=0,NA(),INDIRECT(AG$13&$AC17))} -> #N/A | AH17: {=IF(INDIRECT(AH$13&$AC17)=0,NA(),INDIRECT(AH$13&$AC17))} -> #N/A | AI17: {=IF(INDIRECT(AI$13&$AC17)=0,NA(),INDIRECT(AI$13&$AC17))} -> #N/A | AJ17: {=IF(INDIRECT(AJ$13&$AC17)=0,NA(),INDIRECT(AJ$13&$AC17))} -> #N/A | AK17: {=IF(INDIRECT(AK$13&$AC17)=0,NA(),INDIRECT(AK$13&$AC17))} -> #N/A | ... AS17: {=IF(INDIRECT(AS$13&$AC17)=0,NA(),INDIRECT(AS$13&$AC17))} -> 0.99590293 | AV17: 8 | AW17: Août
D18: 000 | E18: 2013 | F18: VIS20_mm | G18: 0.83870853 | H18: 0.83457651 | I18: 0.86192915 | J18: 0.87448044 | K18: 0.86620474 | L18: 0.90259832 | M18: 0.91205997 | N18: 0.90539301 | O18: 0.88406401 | P18: 0.89550736 | Q18: 0.8700318 | R18: 0.87931005 | U18: 1 | V18: Janvier | W18: 4 | X18: 01c | Y18: =Z17+1 -> 177 | Z18: =Y18+(Z17-Y17) -> 230 | AC18: =AC17+1 -> 72 | AD18: {=IF(INDIRECT(AD$13&$AC18)=0,NA(),INDIRECT(AD$13&$AC18))} -> 01a | AE18: {=IF(INDIRECT(AE$13&$AC18)=0,NA(),INDIRECT(AE$13&$AC18))} -> 2013 | AF18: {=IF(INDIRECT(AF$13&$AC18)=0,NA(),INDIRECT(AF$13&$AC18))} -> VIS20_mm | AG18: {=IF(INDIRECT(AG$13&$AC18)=0,NA(),INDIRECT(AG$13&$AC18))} -> 0.763094 | AH18: {=IF(INDIRECT(AH$13&$AC18)=0,NA(),INDIRECT(AH$13&$AC18))} -> 0.82007056 | AI18: {=IF(INDIRECT(AI$13&$AC18)=0,NA(),INDIRECT(AI$13&$AC18))} -> 0.82967255 | AJ18: {=IF(INDIRECT(AJ$13&$AC18)=0,NA(),INDIRECT(AJ$13&$AC18))} -> 0.82321942 | AK18: {=IF(INDIRECT(AK$13&$AC18)=0,NA(),INDIRECT(AK$13&$AC18))} -> 0.82439901 | ... AS18: {=IF(INDIRECT(AS$13&$AC18)=0,NA(),INDIRECT(AS$13&$AC18))} -> #N/A | AV18: 9 | AW18: Septembre
D19: 000 | E19: 2014 | F19: VIS20_mm | G19: 0.8534 | H19: 0.86229021 | I19: 0.87654247 | J19: 0.90438853 | K19: 0.89862291 | L19: 0.9096216 | M19: 0.91786177 | N19: 0.91594487 | O19: 0.89933997 | P19: 0.90851699 | Q19: 0.89989706 | R19: 0.90270635 | W19: 5 | X19: 01d | Y19: =Z18+1 -> 231 | Z19: =Y19+(Z18-Y18) -> 284 | AC19: =AC18+1 -> 73 | AD19: {=IF(INDIRECT(AD$13&$AC19)=0,NA(),INDIRECT(AD$13&$AC19))} -> 01a | AE19: {=IF(INDIRECT(AE$13&$AC19)=0,NA(),INDIRECT(AE$13&$AC19))} -> 2014 | AF19: {=IF(INDIRECT(AF$13&$AC19)=0,NA(),INDIRECT(AF$13&$AC19))} -> VIS20_mm | AG19: {=IF(INDIRECT(AG$13&$AC19)=0,NA(),INDIRECT(AG$13&$AC19))} -> 0.72525016 | AH19: {=IF(INDIRECT(AH$13&$AC19)=0,NA(),INDIRECT(AH$13&$AC19))} -> 0.76704055 | AI19: {=IF(INDIRECT(AI$13&$AC19)=0,NA(),INDIRECT(AI$13&$AC19))} -> 0.76099454 | AJ19: {=IF(INDIRECT(AJ$13&$AC19)=0,NA(),INDIRECT(AJ$13&$AC19))} -> 0.81193798 | AK19: {=IF(INDIRECT(AK$13&$AC19)=0,NA(),INDIRECT(AK$13&$AC19))} -> 0.88894575 | ... AS19: {=IF(INDIRECT(AS$13&$AC19)=0,NA(),INDIRECT(AS$13&$AC19))} -> #N/A | AV19: 10 | AW19: Octobre
D20: 000 | E20: 2015 | F20: VIS20_mm | G20: 0.8883414 | H20: 0.89679391 | I20: 0.90097011 | J20: 0.92095796 | K20: 0.91328976 | L20: 0.94029241 | M20: 0.94343431 | W20: 6 | X20: 01e | Y20: =Z19+1 -> 285 | Z20: =Y20+(Z19-Y19) -> 338 | AC20: =AC19+1 -> 74 | AD20: {=IF(INDIRECT(AD$13&$AC20)=0,NA(),INDIRECT(AD$13&$AC20))} -> 01a | AE20: {=IF(INDIRECT(AE$13&$AC20)=0,NA(),INDIRECT(AE$13&$AC20))} -> 2015 | AF20: {=IF(INDIRECT(AF$13&$AC20)=0,NA(),INDIRECT(AF$13&$AC20))} -> VIS20_mm | AG20: {=IF(INDIRECT(AG$13&$AC20)=0,NA(),INDIRECT(AG$13&$AC20))} -> 0.99510726 | AH20: {=IF(INDIRECT(AH$13&$AC20)=0,NA(),INDIRECT(AH$13&$AC20))} -> 0.99567334 | AI20: {=IF(INDIRECT(AI$13&$AC20)=0,NA(),INDIRECT(AI$13&$AC20))} -> 0.99630802 | AJ20: {=IF(INDIRECT(AJ$13&$AC20)=0,NA(),INDIRECT(AJ$13&$AC20))} -> 0.99634592 | AK20: {=IF(INDIRECT(AK$13&$AC20)=0,NA(),INDIRECT(AK$13&$AC20))} -> 0.99805321 | ... AS20: {=IF(INDIRECT(AS$13&$AC20)=0,NA(),INDIRECT(AS$13&$AC20))} -> #N/A | AV20: 11 | AW20: Novembre
D21: 000 | E21: 2013 | F21: del15_cc | S21: 0.70591279 | W21: 7 | X21: 01f | Y21: =Z20+1 -> 339 | Z21: =Y21+(Z20-Y20) -> 392 | AC21: =AC20+1 -> 75 | AD21: {=IF(INDIRECT(AD$13&$AC21)=0,NA(),INDIRECT(AD$13&$AC21))} -> 01a | AE21: {=IF(INDIRECT(AE$13&$AC21)=0,NA(),INDIRECT(AE$13&$AC21))} -> 2013 | AF21: {=IF(INDIRECT(AF$13&$AC21)=0,NA(),INDIRECT(AF$13&$AC21))} -> del15_cc | AG21: {=IF(INDIRECT(AG$13&$AC21)=0,NA(),INDIRECT(AG$13&$AC21))} -> #N/A | AH21: {=IF(INDIRECT(AH$13&$AC21)=0,NA(),INDIRECT(AH$13&$AC21))} -> #N/A | AI21: {=IF(INDIRECT(AI$13&$AC21)=0,NA(),INDIRECT(AI$13&$AC21))} -> #N/A | AJ21: {=IF(INDIRECT(AJ$13&$AC21)=0,NA(),INDIRECT(AJ$13&$AC21))} -> #N/A | AK21: {=IF(INDIRECT(AK$13&$AC21)=0,NA(),INDIRECT(AK$13&$AC21))} -> #N/A | ... AS21: {=IF(INDIRECT(AS$13&$AC21)=0,NA(),INDIRECT(AS$13&$AC21))} -> 0.76167934 | AV21: 12 | AW21: Décembre
D22: 000 | E22: 2014 | F22: del15_cc | S22: 0.87761211 | W22: 8 | X22: 01g | Y22: =Z21+1 -> 393 | Z22: =Y22+(Z21-Y21) -> 446 | AC22: =AC21+1 -> 76 | AD22: {=IF(INDIRECT(AD$13&$AC22)=0,NA(),INDIRECT(AD$13&$AC22))} -> 01a | AE22: {=IF(INDIRECT(AE$13&$AC22)=0,NA(),INDIRECT(AE$13&$AC22))} -> 2014 | AF22: {=IF(INDIRECT(AF$13&$AC22)=0,NA(),INDIRECT(AF$13&$AC22))} -> del15_cc | AG22: {=IF(INDIRECT(AG$13&$AC22)=0,NA(),INDIRECT(AG$13&$AC22))} -> #N/A | AH22: {=IF(INDIRECT(AH$13&$AC22)=0,NA(),INDIRECT(AH$13&$AC22))} -> #N/A | AI22: {=IF(INDIRECT(AI$13&$AC22)=0,NA(),INDIRECT(AI$13&$AC22))} -> #N/A | AJ22: {=IF(INDIRECT(AJ$13&$AC22)=0,NA(),INDIRECT(AJ$13&$AC22))} -> #N/A | AK22: {=IF(INDIRECT(AK$13&$AC22)=0,NA(),INDIRECT(AK$13&$AC22))} -> #N/A | ... AS22: {=IF(INDIRECT(AS$13&$AC22)=0,NA(),INDIRECT(AS$13&$AC22))} -> 0.9246031
D23: 000 | E23: 2015 | F23: del15_cc | S23: 0.88970316 | W23: 9 | X23: 01h | Y23: =Z22+1 -> 447 | Z23: =Y23+(Z22-Y22) -> 500 | AC23: =AC22+1 -> 77 | AD23: {=IF(INDIRECT(AD$13&$AC23)=0,NA(),INDIRECT(AD$13&$AC23))} -> 01a | AE23: {=IF(INDIRECT(AE$13&$AC23)=0,NA(),INDIRECT(AE$13&$AC23))} -> 2015 | AF23: {=IF(INDIRECT(AF$13&$AC23)=0,NA(),INDIRECT(AF$13&$AC23))} -> del15_cc | AG23: {=IF(INDIRECT(AG$13&$AC23)=0,NA(),INDIRECT(AG$13&$AC23))} -> #N/A | AH23: {=IF(INDIRECT(AH$13&$AC23)=0,NA(),INDIRECT(AH$13&$AC23))} -> #N/A | AI23: {=IF(INDIRECT(AI$13&$AC23)=0,NA(),INDIRECT(AI$13&$AC23))} -> #N/A | AJ23: {=IF(INDIRECT(AJ$13&$AC23)=0,NA(),INDIRECT(AJ$13&$AC23))} -> #N/A | AK23: {=IF(INDIRECT(AK$13&$AC23)=0,NA(),INDIRECT(AK$13&$AC23))} -> #N/A | ... AS23: {=IF(INDIRECT(AS$13&$AC23)=0,NA(),INDIRECT(AS$13&$AC23))} -> 0.95843991
D24: 000 | E24: 2013 | F24: del15_mm | G24: 0.67084786 | H24: 0.68142372 | I24: 0.63974581 | J24: 0.6565671 | K24: 0.62938869 | L24: 0.795763 | M24: 0.86475952 | N24: 0.84611036 | O24: 0.84786838 | P24: 0.84146989 | Q24: 0.77592954 | R24: 0.8309244 | W24: 10 | X24: 01i | Y24: =Z23+1 -> 501 | Z24: =Y24+(Z23-Y23) -> 554 | AC24: =AC23+1 -> 78 | AD24: {=IF(INDIRECT(AD$13&$AC24)=0,NA(),INDIRECT(AD$13&$AC24))} -> 01a | AE24: {=IF(INDIRECT(AE$13&$AC24)=0,NA(),INDIRECT(AE$13&$AC24))} -> 2013 | AF24: {=IF(INDIRECT(AF$13&$AC24)=0,NA(),INDIRECT(AF$13&$AC24))} -> del15_mm | AG24: {=IF(INDIRECT(AG$13&$AC24)=0,NA(),INDIRECT(AG$13&$AC24))} -> 0.7577942 | AH24: {=IF(INDIRECT(AH$13&$AC24)=0,NA(),INDIRECT(AH$13&$AC24))} -> 0.73294757 | AI24: {=IF(INDIRECT(AI$13&$AC24)=0,NA(),INDIRECT(AI$13&$AC24))} -> 0.64295464 | AJ24: {=IF(INDIRECT(AJ$13&$AC24)=0,NA(),INDIRECT(AJ$13&$AC24))} -> 0.62567982 | AK24: {=IF(INDIRECT(AK$13&$AC24)=0,NA(),INDIRECT(AK$13&$AC24))} -> 0.71577009 | ... AS24: {=IF(INDIRECT(AS$13&$AC24)=0,NA(),INDIRECT(AS$13&$AC24))} -> #N/A
D25: 000 | E25: 2014 | F25: del15_mm | G25: 0.88318407 | H25: 0.89068083 | I25: 0.84317486 | J25: 0.85981529 | K25: 0.83864919 | L25: 0.89595799 | M25: 0.92545029 | N25: 0.91442736 | O25: 0.90610496 | P25: 0.93707503 | Q25: 0.90474765 | R25: 0.93255978 | W25: 11 | X25: 01j | Y25: =Z24+1 -> 555 | Z25: =Y25+(Z24-Y24) -> 608 | AC25: =AC24+1 -> 79 | AD25: {=IF(INDIRECT(AD$13&$AC25)=0,NA(),INDIRECT(AD$13&$AC25))} -> 01a | AE25: {=IF(INDIRECT(AE$13&$AC25)=0,NA(),INDIRECT(AE$13&$AC25))} -> 2014 | AF25: {=IF(INDIRECT(AF$13&$AC25)=0,NA(),INDIRECT(AF$13&$AC25))} -> del15_mm | AG25: {=IF(INDIRECT(AG$13&$AC25)=0,NA(),INDIRECT(AG$13&$AC25))} -> 0.9550554 | AH25: {=IF(INDIRECT(AH$13&$AC25)=0,NA(),INDIRECT(AH$13&$AC25))} -> 0.84958368 | AI25: {=IF(INDIRECT(AI$13&$AC25)=0,NA(),INDIRECT(AI$13&$AC25))} -> 0.72034254 | AJ25: {=IF(INDIRECT(AJ$13&$AC25)=0,NA(),INDIRECT(AJ$13&$AC25))} -> 0.98442507 | AK25: {=IF(INDIRECT(AK$13&$AC25)=0,NA(),INDIRECT(AK$13&$AC25))} -> 0.9948441 | ... AS25: {=IF(INDIRECT(AS$13&$AC25)=0,NA(),INDIRECT(AS$13&$AC25))} -> #N/A
D26: 000 | E26: 2015 | F26: del15_mm | G26: 0.9023978 | H26: 0.89945448 | I26: 0.86764088 | J26: 0.87989605 | K26: 0.84540451 | L26: 0.89343015 | M26: 0.93215764 | W26: 12 | X26: 01k | Y26: =Z25+1 -> 609 | Z26: =Y26+(Z25-Y25) -> 662 | AC26: =AC25+1 -> 80 | AD26: {=IF(INDIRECT(AD$13&$AC26)=0,NA(),INDIRECT(AD$13&$AC26))} -> 01a | AE26: {=IF(INDIRECT(AE$13&$AC26)=0,NA(),INDIRECT(AE$13&$AC26))} -> 2015 | AF26: {=IF(INDIRECT(AF$13&$AC26)=0,NA(),INDIRECT(AF$13&$AC26))} -> del15_mm | AG26: {=IF(INDIRECT(AG$13&$AC26)=0,NA(),INDIRECT(AG$13&$AC26))} -> 0.98361271 | AH26: {=IF(INDIRECT(AH$13&$AC26)=0,NA(),INDIRECT(AH$13&$AC26))} -> 0.89302753 | AI26: {=IF(INDIRECT(AI$13&$AC26)=0,NA(),INDIRECT(AI$13&$AC26))} -> 0.89977713 | AJ26: {=IF(INDIRECT(AJ$13&$AC26)=0,NA(),INDIRECT(AJ$13&$AC26))} -> 0.98977213 | AK26: {=IF(INDIRECT(AK$13&$AC26)=0,NA(),INDIRECT(AK$13&$AC26))} -> 0.96974427 | ... AS26: {=IF(INDIRECT(AS$13&$AC26)=0,NA(),INDIRECT(AS$13&$AC26))} -> #N/A
D27: 000 | E27: 2013 | F27: minima_cc | S27: 0.92382297 | W27: 13 | X27: 01l | Y27: =Z26+1 -> 663 | Z27: =Y27+(Z26-Y26) -> 716 | AC27: =AC26+1 -> 81 | AD27: {=IF(INDIRECT(AD$13&$AC27)=0,NA(),INDIRECT(AD$13&$AC27))} -> 01a | AE27: {=IF(INDIRECT(AE$13&$AC27)=0,NA(),INDIRECT(AE$13&$AC27))} -> 2013 | AF27: {=IF(INDIRECT(AF$13&$AC27)=0,NA(),INDIRECT(AF$13&$AC27))} -> minima_cc | AG27: {=IF(INDIRECT(AG$13&$AC27)=0,NA(),INDIRECT(AG$13&$AC27))} -> #N/A | AH27: {=IF(INDIRECT(AH$13&$AC27)=0,NA(),INDIRECT(AH$13&$AC27))} -> #N/A | AI27: {=IF(INDIRECT(AI$13&$AC27)=0,NA(),INDIRECT(AI$13&$AC27))} -> #N/A | AJ27: {=IF(INDIRECT(AJ$13&$AC27)=0,NA(),INDIRECT(AJ$13&$AC27))} -> #N/A | AK27: {=IF(INDIRECT(AK$13&$AC27)=0,NA(),INDIRECT(AK$13&$AC27))} -> #N/A | ... AS27: {=IF(INDIRECT(AS$13&$AC27)=0,NA(),INDIRECT(AS$13&$AC27))} -> 0.85010516
D28: 000 | E28: 2014 | F28: minima_cc | S28: 0.96591766 | W28: 14 | X28: 01m | Y28: =Z27+1 -> 717 | Z28: =Y28+(Z27-Y27) -> 770 | AC28: =AC27+1 -> 82 | AD28: {=IF(INDIRECT(AD$13&$AC28)=0,NA(),INDIRECT(AD$13&$AC28))} -> 01a | AE28: {=IF(INDIRECT(AE$13&$AC28)=0,NA(),INDIRECT(AE$13&$AC28))} -> 2014 | AF28: {=IF(INDIRECT(AF$13&$AC28)=0,NA(),INDIRECT(AF$13&$AC28))} -> minima_cc | AG28: {=IF(INDIRECT(AG$13&$AC28)=0,NA(),INDIRECT(AG$13&$AC28))} -> #N/A | AH28: {=IF(INDIRECT(AH$13&$AC28)=0,NA(),INDIRECT(AH$13&$AC28))} -> #N/A | AI28: {=IF(INDIRECT(AI$13&$AC28)=0,NA(),INDIRECT(AI$13&$AC28))} -> #N/A | AJ28: {=IF(INDIRECT(AJ$13&$AC28)=0,NA(),INDIRECT(AJ$13&$AC28))} -> #N/A | AK28: {=IF(INDIRECT(AK$13&$AC28)=0,NA(),INDIRECT(AK$13&$AC28))} -> #N/A | ... AS28: {=IF(INDIRECT(AS$13&$AC28)=0,NA(),INDIRECT(AS$13&$AC28))} -> 0.9899145
D29: 000 | E29: 2015 | F29: minima_cc | S29: 0.95042381 | W29: 15 | X29: 01n | Y29: =Z28+1 -> 771 | Z29: =Y29+(Z28-Y28) -> 824 | AC29: =AC28+1 -> 83 | AD29: {=IF(INDIRECT(AD$13&$AC29)=0,NA(),INDIRECT(AD$13&$AC29))} -> 01a | AE29: {=IF(INDIRECT(AE$13&$AC29)=0,NA(),INDIRECT(AE$13&$AC29))} -> 2015 | AF29: {=IF(INDIRECT(AF$13&$AC29)=0,NA(),INDIRECT(AF$13&$AC29))} -> minima_cc | AG29: {=IF(INDIRECT(AG$13&$AC29)=0,NA(),INDIRECT(AG$13&$AC29))} -> #N/A | AH29: {=IF(INDIRECT(AH$13&$AC29)=0,NA(),INDIRECT(AH$13&$AC29))} -> #N/A | AI29: {=IF(INDIRECT(AI$13&$AC29)=0,NA(),INDIRECT(AI$13&$AC29))} -> #N/A | AJ29: {=IF(INDIRECT(AJ$13&$AC29)=0,NA(),INDIRECT(AJ$13&$AC29))} -> #N/A | AK29: {=IF(INDIRECT(AK$13&$AC29)=0,NA(),INDIRECT(AK$13&$AC29))} -> #N/A | ... AS29: {=IF(INDIRECT(AS$13&$AC29)=0,NA(),INDIRECT(AS$13&$AC29))} -> 0.98810694
D30: 000 | E30: 2013 | F30: minima_mm | G30: 0.88438483 | H30: 0.91807654 | I30: 0.92600858 | J30: 0.92167165 | K30: 0.90007517 | L30: 0.95158496 | M30: 0.96509678 | N30: 0.94678851 | O30: 0.9364014 | P30: 0.94697695 | Q30: 0.93796867 | R30: 0.94702835 | W30: 16 | X30: 01o | Y30: =Z29+1 -> 825 | Z30: =Y30+(Z29-Y29) -> 878 | AC30: =AC29+1 -> 84 | AD30: {=IF(INDIRECT(AD$13&$AC30)=0,NA(),INDIRECT(AD$13&$AC30))} -> 01a | AE30: {=IF(INDIRECT(AE$13&$AC30)=0,NA(),INDIRECT(AE$13&$AC30))} -> 2013 | AF30: {=IF(INDIRECT(AF$13&$AC30)=0,NA(),INDIRECT(AF$13&$AC30))} -> minima_mm | AG30: {=IF(INDIRECT(AG$13&$AC30)=0,NA(),INDIRECT(AG$13&$AC30))} -> 0.8870709 | AH30: {=IF(INDIRECT(AH$13&$AC30)=0,NA(),INDIRECT(AH$13&$AC30))} -> 0.86396435 | AI30: {=IF(INDIRECT(AI$13&$AC30)=0,NA(),INDIRECT(AI$13&$AC30))} -> 0.69507411 | AJ30: {=IF(INDIRECT(AJ$13&$AC30)=0,NA(),INDIRECT(AJ$13&$AC30))} -> 0.68631351 | AK30: {=IF(INDIRECT(AK$13&$AC30)=0,NA(),INDIRECT(AK$13&$AC30))} -> 0.81636401 | ... AS30: {=IF(INDIRECT(AS$13&$AC30)=0,NA(),INDIRECT(AS$13&$AC30))} -> #N/A
D31: 000 | E31: 2014 | F31: minima_mm | G31: 0.97061866 | H31: 0.97126658 | I31: 0.95729042 | J31: 0.96356318 | K31: 0.96324365 | L31: 0.96723488 | M31: 0.96767888 | N31: 0.9679087 | O31: 0.96561424 | P31: 0.97225354 | Q31: 0.95947513 | R31: 0.96857976 | W31: 17 | X31: 01p | Y31: =Z30+1 -> 879 | Z31: =Y31+(Z30-Y30) -> 932 | AC31: =AC30+1 -> 85 | AD31: {=IF(INDIRECT(AD$13&$AC31)=0,NA(),INDIRECT(AD$13&$AC31))} -> 01a | AE31: {=IF(INDIRECT(AE$13&$AC31)=0,NA(),INDIRECT(AE$13&$AC31))} -> 2014 | AF31: {=IF(INDIRECT(AF$13&$AC31)=0,NA(),INDIRECT(AF$13&$AC31))} -> minima_mm | AG31: {=IF(INDIRECT(AG$13&$AC31)=0,NA(),INDIRECT(AG$13&$AC31))} -> 0.98896085 | AH31: {=IF(INDIRECT(AH$13&$AC31)=0,NA(),INDIRECT(AH$13&$AC31))} -> 0.98746867 | AI31: {=IF(INDIRECT(AI$13&$AC31)=0,NA(),INDIRECT(AI$13&$AC31))} -> 0.98691816 | AJ31: {=IF(INDIRECT(AJ$13&$AC31)=0,NA(),INDIRECT(AJ$13&$AC31))} -> 0.98537254 | AK31: {=IF(INDIRECT(AK$13&$AC31)=0,NA(),INDIRECT(AK$13&$AC31))} -> 0.98862461 | ... AS31: {=IF(INDIRECT(AS$13&$AC31)=0,NA(),INDIRECT(AS$13&$AC31))} -> #N/A
D32: 000 | E32: 2015 | F32: minima_mm | G32: 0.94457077 | H32: 0.95166803 | I32: 0.94452263 | J32: 0.94982881 | K32: 0.94181852 | L32: 0.95904851 | M32: 0.96065737 | W32: 18 | X32: 01q | Y32: =Z31+1 -> 933 | Z32: =Y32+(Z31-Y31) -> 986 | AC32: =AC31+1 -> 86 | AD32: {=IF(INDIRECT(AD$13&$AC32)=0,NA(),INDIRECT(AD$13&$AC32))} -> 01a | AE32: {=IF(INDIRECT(AE$13&$AC32)=0,NA(),INDIRECT(AE$13&$AC32))} -> 2015 | AF32: {=IF(INDIRECT(AF$13&$AC32)=0,NA(),INDIRECT(AF$13&$AC32))} -> minima_mm | AG32: {=IF(INDIRECT(AG$13&$AC32)=0,NA(),INDIRECT(AG$13&$AC32))} -> 0.98439376 | AH32: {=IF(INDIRECT(AH$13&$AC32)=0,NA(),INDIRECT(AH$13&$AC32))} -> 0.98565821 | AI32: {=IF(INDIRECT(AI$13&$AC32)=0,NA(),INDIRECT(AI$13&$AC32))} -> 0.98893669 | AJ32: {=IF(INDIRECT(AJ$13&$AC32)=0,NA(),INDIRECT(AJ$13&$AC32))} -> 0.9888668 | AK32: {=IF(INDIRECT(AK$13&$AC32)=0,NA(),INDIRECT(AK$13&$AC32))} -> 0.99105602 | ... AS32: {=IF(INDIRECT(AS$13&$AC32)=0,NA(),INDIRECT(AS$13&$AC32))} -> #N/A
D33: 000 | E33: 2013 | F33: nbappabo_cc | S33: 21022545 | W33: 19 | X33: 01r | Y33: =Z32+1 -> 987 | Z33: =Y33+(Z32-Y32) -> 1040 | AC33: =AC32+1 -> 87 | AD33: {=IF(INDIRECT(AD$13&$AC33)=0,NA(),INDIRECT(AD$13&$AC33))} -> 01a | AE33: {=IF(INDIRECT(AE$13&$AC33)=0,NA(),INDIRECT(AE$13&$AC33))} -> 2013 | AF33: {=IF(INDIRECT(AF$13&$AC33)=0,NA(),INDIRECT(AF$13&$AC33))} -> nbappabo_cc | AG33: {=IF(INDIRECT(AG$13&$AC33)=0,NA(),INDIRECT(AG$13&$AC33))} -> #N/A | AH33: {=IF(INDIRECT(AH$13&$AC33)=0,NA(),INDIRECT(AH$13&$AC33))} -> #N/A | AI33: {=IF(INDIRECT(AI$13&$AC33)=0,NA(),INDIRECT(AI$13&$AC33))} -> #N/A | AJ33: {=IF(INDIRECT(AJ$13&$AC33)=0,NA(),INDIRECT(AJ$13&$AC33))} -> #N/A | AK33: {=IF(INDIRECT(AK$13&$AC33)=0,NA(),INDIRECT(AK$13&$AC33))} -> #N/A | ... AS33: {=IF(INDIRECT(AS$13&$AC33)=0,NA(),INDIRECT(AS$13&$AC33))} -> 138538
D34: 000 | E34: 2014 | F34: nbappabo_cc | S34: 18914874 | W34: 20 | X34: 01s | Y34: =Z33+1 -> 1041 | Z34: =Y34+(Z33-Y33) -> 1094 | AC34: =AC33+1 -> 88 | AD34: {=IF(INDIRECT(AD$13&$AC34)=0,NA(),INDIRECT(AD$13&$AC34))} -> 01a | AE34: {=IF(INDIRECT(AE$13&$AC34)=0,NA(),INDIRECT(AE$13&$AC34))} -> 2014 | AF34: {=IF(INDIRECT(AF$13&$AC34)=0,NA(),INDIRECT(AF$13&$AC34))} -> nbappabo_cc | AG34: {=IF(INDIRECT(AG$13&$AC34)=0,NA(),INDIRECT(AG$13&$AC34))} -> #N/A | AH34: {=IF(INDIRECT(AH$13&$AC34)=0,NA(),INDIRECT(AH$13&$AC34))} -> #N/A | AI34: {=IF(INDIRECT(AI$13&$AC34)=0,NA(),INDIRECT(AI$13&$AC34))} -> #N/A | AJ34: {=IF(INDIRECT(AJ$13&$AC34)=0,NA(),INDIRECT(AJ$13&$AC34))} -> #N/A | AK34: {=IF(INDIRECT(AK$13&$AC34)=0,NA(),INDIRECT(AK$13&$AC34))} -> #N/A | ... AS34: {=IF(INDIRECT(AS$13&$AC34)=0,NA(),INDIRECT(AS$13&$AC34))} -> 138479
D35: 000 | E35: 2015 | F35: nbappabo_cc | S35: 18116096 | W35: 21 | X35: 01t | Y35: =Z34+1 -> 1095 | Z35: =Y35+(Z34-Y34) -> 1148 | AC35: =AC34+1 -> 89 | AD35: {=IF(INDIRECT(AD$13&$AC35)=0,NA(),INDIRECT(AD$13&$AC35))} -> 01a | AE35: {=IF(INDIRECT(AE$13&$AC35)=0,NA(),INDIRECT(AE$13&$AC35))} -> 2015 | AF35: {=IF(INDIRECT(AF$13&$AC35)=0,NA(),INDIRECT(AF$13&$AC35))} -> nbappabo_cc | AG35: {=IF(INDIRECT(AG$13&$AC35)=0,NA(),INDIRECT(AG$13&$AC35))} -> #N/A | AH35: {=IF(INDIRECT(AH$13&$AC35)=0,NA(),INDIRECT(AH$13&$AC35))} -> #N/A | AI35: {=IF(INDIRECT(AI$13&$AC35)=0,NA(),INDIRECT(AI$13&$AC35))} -> #N/A | AJ35: {=IF(INDIRECT(AJ$13&$AC35)=0,NA(),INDIRECT(AJ$13&$AC35))} -> #N/A | AK35: {=IF(INDIRECT(AK$13&$AC35)=0,NA(),INDIRECT(AK$13&$AC35))} -> #N/A | ... AS35: {=IF(INDIRECT(AS$13&$AC35)=0,NA(),INDIRECT(AS$13&$AC35))} -> 145611
D36: 000 | E36: 2013 | F36: nbappabo_mm | G36: 3722169 | H36: 3795007 | I36: 3062849 | J36: 2738084 | K36: 2719818 | L36: 2403371 | M36: 2581247 | N36: 2533940 | O36: 2897324 | P36: 2865073 | Q36: 2681277 | R36: 2636897 | W36: 22 | X36: 01u | Y36: =Z35+1 -> 1149 | Z36: =Y36+(Z35-Y35) -> 1202 | AC36: =AC35+1 -> 90 | AD36: {=IF(INDIRECT(AD$13&$AC36)=0,NA(),INDIRECT(AD$13&$AC36))} -> 01a | AE36: {=IF(INDIRECT(AE$13&$AC36)=0,NA(),INDIRECT(AE$13&$AC36))} -> 2013 | AF36: {=IF(INDIRECT(AF$13&$AC36)=0,NA(),INDIRECT(AF$13&$AC36))} -> nbappabo_mm | AG36: {=IF(INDIRECT(AG$13&$AC36)=0,NA(),INDIRECT(AG$13&$AC36))} -> 23642 | AH36: {=IF(INDIRECT(AH$13&$AC36)=0,NA(),INDIRECT(AH$13&$AC36))} -> 24600 | AI36: {=IF(INDIRECT(AI$13&$AC36)=0,NA(),INDIRECT(AI$13&$AC36))} -> 21698 | AJ36: {=IF(INDIRECT(AJ$13&$AC36)=0,NA(),INDIRECT(AJ$13&$AC36))} -> 18665 | AK36: {=IF(INDIRECT(AK$13&$AC36)=0,NA(),INDIRECT(AK$13&$AC36))} -> 17657 | ... AS36: {=IF(INDIRECT(AS$13&$AC36)=0,NA(),INDIRECT(AS$13&$AC36))} -> #N/A
D37: 000 | E37: 2014 | F37: nbappabo_mm | G37: 3081777 | H37: 3099575 | I37: 2693926 | J37: 2437927 | K37: 2453625 | L37: 2457682 | M37: 2690362 | N37: 2549451 | O37: 3369402 | P37: 2919375 | Q37: 2546330 | R37: 2668942 | W37: 23 | X37: 01v | Y37: =Z36+1 -> 1203 | Z37: =Y37+(Z36-Y36) -> 1256 | AC37: =AC36+1 -> 91 | AD37: {=IF(INDIRECT(AD$13&$AC37)=0,NA(),INDIRECT(AD$13&$AC37))} -> 01a | AE37: {=IF(INDIRECT(AE$13&$AC37)=0,NA(),INDIRECT(AE$13&$AC37))} -> 2014 | AF37: {=IF(INDIRECT(AF$13&$AC37)=0,NA(),INDIRECT(AF$13&$AC37))} -> nbappabo_mm | AG37: {=IF(INDIRECT(AG$13&$AC37)=0,NA(),INDIRECT(AG$13&$AC37))} -> 23158 | AH37: {=IF(INDIRECT(AH$13&$AC37)=0,NA(),INDIRECT(AH$13&$AC37))} -> 23987 | AI37: {=IF(INDIRECT(AI$13&$AC37)=0,NA(),INDIRECT(AI$13&$AC37))} -> 20624 | AJ37: {=IF(INDIRECT(AJ$13&$AC37)=0,NA(),INDIRECT(AJ$13&$AC37))} -> 17438 | AK37: {=IF(INDIRECT(AK$13&$AC37)=0,NA(),INDIRECT(AK$13&$AC37))} -> 16602 | ... AS37: {=IF(INDIRECT(AS$13&$AC37)=0,NA(),INDIRECT(AS$13&$AC37))} -> #N/A
D38: 000 | E38: 2015 | F38: nbappabo_mm | G38: 2787136 | H38: 2770296 | I38: 2740400 | J38: 2453567 | K38: 2171119 | L38: 2541703 | M38: 2651875 | W38: 24 | X38: 01w | Y38: =Z37+1 -> 1257 | Z38: =Y38+(Z37-Y37) -> 1310 | AC38: =AC37+1 -> 92 | AD38: {=IF(INDIRECT(AD$13&$AC38)=0,NA(),INDIRECT(AD$13&$AC38))} -> 01a | AE38: {=IF(INDIRECT(AE$13&$AC38)=0,NA(),INDIRECT(AE$13&$AC38))} -> 2015 | AF38: {=IF(INDIRECT(AF$13&$AC38)=0,NA(),INDIRECT(AF$13&$AC38))} -> nbappabo_mm | AG38: {=IF(INDIRECT(AG$13&$AC38)=0,NA(),INDIRECT(AG$13&$AC38))} -> 21746 | AH38: {=IF(INDIRECT(AH$13&$AC38)=0,NA(),INDIRECT(AH$13&$AC38))} -> 22184 | AI38: {=IF(INDIRECT(AI$13&$AC38)=0,NA(),INDIRECT(AI$13&$AC38))} -> 24893 | AJ38: {=IF(INDIRECT(AJ$13&$AC38)=0,NA(),INDIRECT(AJ$13&$AC38))} -> 20708 | AK38: {=IF(INDIRECT(AK$13&$AC38)=0,NA(),INDIRECT(AK$13&$AC38))} -> 17612 | ... AS38: {=IF(INDIRECT(AS$13&$AC38)=0,NA(),INDIRECT(AS$13&$AC38))} -> #N/A
D39: 000 | E39: 2013 | F39: nbcourriers_cc | S39: 45302301 | W39: 25 | X39: 01x | Y39: =Z38+1 -> 1311 | Z39: =Y39+(Z38-Y38) -> 1364 | AC39: =AC38+1 -> 93 | AD39: {=IF(INDIRECT(AD$13&$AC39)=0,NA(),INDIRECT(AD$13&$AC39))} -> 01a | AE39: {=IF(INDIRECT(AE$13&$AC39)=0,NA(),INDIRECT(AE$13&$AC39))} -> 2013 | AF39: {=IF(INDIRECT(AF$13&$AC39)=0,NA(),INDIRECT(AF$13&$AC39))} -> nbcourriers_cc | AG39: {=IF(INDIRECT(AG$13&$AC39)=0,NA(),INDIRECT(AG$13&$AC39))} -> #N/A | AH39: {=IF(INDIRECT(AH$13&$AC39)=0,NA(),INDIRECT(AH$13&$AC39))} -> #N/A | AI39: {=IF(INDIRECT(AI$13&$AC39)=0,NA(),INDIRECT(AI$13&$AC39))} -> #N/A | AJ39: {=IF(INDIRECT(AJ$13&$AC39)=0,NA(),INDIRECT(AJ$13&$AC39))} -> #N/A | AK39: {=IF(INDIRECT(AK$13&$AC39)=0,NA(),INDIRECT(AK$13&$AC39))} -> #N/A | ... AS39: {=IF(INDIRECT(AS$13&$AC39)=0,NA(),INDIRECT(AS$13&$AC39))} -> 341756
D40: 000 | E40: 2014 | F40: nbcourriers_cc | S40: 47174751 | W40: 26 | X40: 01y | Y40: =Z39+1 -> 1365 | Z40: =Y40+(Z39-Y39) -> 1418 | AC40: =AC39+1 -> 94 | AD40: {=IF(INDIRECT(AD$13&$AC40)=0,NA(),INDIRECT(AD$13&$AC40))} -> 01a | AE40: {=IF(INDIRECT(AE$13&$AC40)=0,NA(),INDIRECT(AE$13&$AC40))} -> 2014 | AF40: {=IF(INDIRECT(AF$13&$AC40)=0,NA(),INDIRECT(AF$13&$AC40))} -> nbcourriers_cc | AG40: {=IF(INDIRECT(AG$13&$AC40)=0,NA(),INDIRECT(AG$13&$AC40))} -> #N/A | AH40: {=IF(INDIRECT(AH$13&$AC40)=0,NA(),INDIRECT(AH$13&$AC40))} -> #N/A | AI40: {=IF(INDIRECT(AI$13&$AC40)=0,NA(),INDIRECT(AI$13&$AC40))} -> #N/A | AJ40: {=IF(INDIRECT(AJ$13&$AC40)=0,NA(),INDIRECT(AJ$13&$AC40))} -> #N/A | AK40: {=IF(INDIRECT(AK$13&$AC40)=0,NA(),INDIRECT(AK$13&$AC40))} -> #N/A | ... AS40: {=IF(INDIRECT(AS$13&$AC40)=0,NA(),INDIRECT(AS$13&$AC40))} -> 325674
D41: 000 | E41: 2015 | F41: nbcourriers_cc | S41: 52185995 | W41: 27 | X41: 01z | Y41: =Z40+1 -> 1419 | Z41: =Y41+(Z40-Y40) -> 1472 | AC41: =AC40+1 -> 95 | AD41: {=IF(INDIRECT(AD$13&$AC41)=0,NA(),INDIRECT(AD$13&$AC41))} -> 01a | AE41: {=IF(INDIRECT(AE$13&$AC41)=0,NA(),INDIRECT(AE$13&$AC41))} -> 2015 | AF41: {=IF(INDIRECT(AF$13&$AC41)=0,NA(),INDIRECT(AF$13&$AC41))} -> nbcourriers_cc | AG41: {=IF(INDIRECT(AG$13&$AC41)=0,NA(),INDIRECT(AG$13&$AC41))} -> #N/A | AH41: {=IF(INDIRECT(AH$13&$AC41)=0,NA(),INDIRECT(AH$13&$AC41))} -> #N/A | AI41: {=IF(INDIRECT(AI$13&$AC41)=0,NA(),INDIRECT(AI$13&$AC41))} -> #N/A | AJ41: {=IF(INDIRECT(AJ$13&$AC41)=0,NA(),INDIRECT(AJ$13&$AC41))} -> #N/A | AK41: {=IF(INDIRECT(AK$13&$AC41)=0,NA(),INDIRECT(AK$13&$AC41))} -> #N/A | ... AS41: {=IF(INDIRECT(AS$13&$AC41)=0,NA(),INDIRECT(AS$13&$AC41))} -> 359288
D42: 000 | E42: 2013 | F42: nbcourriers_mm | G42: 7870380 | H42: 6504075 | I42: 6324662 | J42: 6059960 | K42: 5616371 | L42: 6129818 | M42: 6797035 | N42: 6166342 | O42: 7871469 | P42: 8611527 | Q42: 7876854 | R42: 8020474 | W42: 28 | X42: 02a | Y42: =Z41+1 -> 1473 | Z42: =Y42+(Z41-Y41) -> 1526 | AC42: =AC41+1 -> 96 | AD42: {=IF(INDIRECT(AD$13&$AC42)=0,NA(),INDIRECT(AD$13&$AC42))} -> 01a | AE42: {=IF(INDIRECT(AE$13&$AC42)=0,NA(),INDIRECT(AE$13&$AC42))} -> 2013 | AF42: {=IF(INDIRECT(AF$13&$AC42)=0,NA(),INDIRECT(AF$13&$AC42))} -> nbcourriers_mm | AG42: {=IF(INDIRECT(AG$13&$AC42)=0,NA(),INDIRECT(AG$13&$AC42))} -> 60546 | AH42: {=IF(INDIRECT(AH$13&$AC42)=0,NA(),INDIRECT(AH$13&$AC42))} -> 51467 | AI42: {=IF(INDIRECT(AI$13&$AC42)=0,NA(),INDIRECT(AI$13&$AC42))} -> 46712 | AJ42: {=IF(INDIRECT(AJ$13&$AC42)=0,NA(),INDIRECT(AJ$13&$AC42))} -> 43869 | AK42: {=IF(INDIRECT(AK$13&$AC42)=0,NA(),INDIRECT(AK$13&$AC42))} -> 44750 | ... AS42: {=IF(INDIRECT(AS$13&$AC42)=0,NA(),INDIRECT(AS$13&$AC42))} -> #N/A
D43: 000 | E43: 2014 | F43: nbcourriers_mm | G43: 8206649 | H43: 7021385 | I43: 6505347 | J43: 6363251 | K43: 5886743 | L43: 6268468 | M43: 6922908 | N43: 6563880 | O43: 8041653 | P43: 8448816 | Q43: 7939495 | R43: 8838654 | W43: 29 | X43: 02b | Y43: =Z42+1 -> 1527 | Z43: =Y43+(Z42-Y42) -> 1580 | AC43: =AC42+1 -> 97 | AD43: {=IF(INDIRECT(AD$13&$AC43)=0,NA(),INDIRECT(AD$13&$AC43))} -> 01a | AE43: {=IF(INDIRECT(AE$13&$AC43)=0,NA(),INDIRECT(AE$13&$AC43))} -> 2014 | AF43: {=IF(INDIRECT(AF$13&$AC43)=0,NA(),INDIRECT(AF$13&$AC43))} -> nbcourriers_mm | AG43: {=IF(INDIRECT(AG$13&$AC43)=0,NA(),INDIRECT(AG$13&$AC43))} -> 60699 | AH43: {=IF(INDIRECT(AH$13&$AC43)=0,NA(),INDIRECT(AH$13&$AC43))} -> 48620 | AI43: {=IF(INDIRECT(AI$13&$AC43)=0,NA(),INDIRECT(AI$13&$AC43))} -> 44324 | AJ43: {=IF(INDIRECT(AJ$13&$AC43)=0,NA(),INDIRECT(AJ$13&$AC43))} -> 43065 | AK43: {=IF(INDIRECT(AK$13&$AC43)=0,NA(),INDIRECT(AK$13&$AC43))} -> 39977 | ... AS43: {=IF(INDIRECT(AS$13&$AC43)=0,NA(),INDIRECT(AS$13&$AC43))} -> #N/A
D44: 000 | E44: 2015 | F44: nbcourriers_mm | G44: 8471869 | H44: 7194408 | I44: 7570987 | J44: 6968297 | K44: 6260123 | L44: 7720651 | M44: 7999660 | W44: 30 | X44: 02c | Y44: =Z43+1 -> 1581 | Z44: =Y44+(Z43-Y43) -> 1634 | AC44: =AC43+1 -> 98 | AD44: {=IF(INDIRECT(AD$13&$AC44)=0,NA(),INDIRECT(AD$13&$AC44))} -> 01a | AE44: {=IF(INDIRECT(AE$13&$AC44)=0,NA(),INDIRECT(AE$13&$AC44))} -> 2015 | AF44: {=IF(INDIRECT(AF$13&$AC44)=0,NA(),INDIRECT(AF$13&$AC44))} -> nbcourriers_mm | AG44: {=IF(INDIRECT(AG$13&$AC44)=0,NA(),INDIRECT(AG$13&$AC44))} -> 61115 | AH44: {=IF(INDIRECT(AH$13&$AC44)=0,NA(),INDIRECT(AH$13&$AC44))} -> 47115 | AI44: {=IF(INDIRECT(AI$13&$AC44)=0,NA(),INDIRECT(AI$13&$AC44))} -> 53606 | AJ44: {=IF(INDIRECT(AJ$13&$AC44)=0,NA(),INDIRECT(AJ$13&$AC44))} -> 47226 | AK44: {=IF(INDIRECT(AK$13&$AC44)=0,NA(),INDIRECT(AK$13&$AC44))} -> 43302 | ... AS44: {=IF(INDIRECT(AS$13&$AC44)=0,NA(),INDIRECT(AS$13&$AC44))} -> #N/A
D45: 000 | E45: 2013 | F45: nbpieces_cc | S45: 79029517 | W45: 31 | X45: 02d | Y45: =Z44+1 -> 1635 | Z45: =Y45+(Z44-Y44) -> 1688 | AC45: =AC44+1 -> 99 | AD45: {=IF(INDIRECT(AD$13&$AC45)=0,NA(),INDIRECT(AD$13&$AC45))} -> 01a | AE45: {=IF(INDIRECT(AE$13&$AC45)=0,NA(),INDIRECT(AE$13&$AC45))} -> 2013 | AF45: {=IF(INDIRECT(AF$13&$AC45)=0,NA(),INDIRECT(AF$13&$AC45))} -> nbpieces_cc | AG45: {=IF(INDIRECT(AG$13&$AC45)=0,NA(),INDIRECT(AG$13&$AC45))} -> #N/A | AH45: {=IF(INDIRECT(AH$13&$AC45)=0,NA(),INDIRECT(AH$13&$AC45))} -> #N/A | AI45: {=IF(INDIRECT(AI$13&$AC45)=0,NA(),INDIRECT(AI$13&$AC45))} -> #N/A | AJ45: {=IF(INDIRECT(AJ$13&$AC45)=0,NA(),INDIRECT(AJ$13&$AC45))} -> #N/A | AK45: {=IF(INDIRECT(AK$13&$AC45)=0,NA(),INDIRECT(AK$13&$AC45))} -> #N/A | ... AS45: {=IF(INDIRECT(AS$13&$AC45)=0,NA(),INDIRECT(AS$13&$AC45))} -> 622970
D46: 000 | E46: 2014 | F46: nbpieces_cc | S46: 80658329 | W46: 32 | X46: 02e | Y46: =Z45+1 -> 1689 | Z46: =Y46+(Z45-Y45) -> 1742 | AC46: =AC45+1 -> 100 | AD46: {=IF(INDIRECT(AD$13&$AC46)=0,NA(),INDIRECT(AD$13&$AC46))} -> 01a | AE46: {=IF(INDIRECT(AE$13&$AC46)=0,NA(),INDIRECT(AE$13&$AC46))} -> 2014 | AF46: {=IF(INDIRECT(AF$13&$AC46)=0,NA(),INDIRECT(AF$13&$AC46))} -> nbpieces_cc | AG46: {=IF(INDIRECT(AG$13&$AC46)=0,NA(),INDIRECT(AG$13&$AC46))} -> #N/A | AH46: {=IF(INDIRECT(AH$13&$AC46)=0,NA(),INDIRECT(AH$13&$AC46))} -> #N/A | AI46: {=IF(INDIRECT(AI$13&$AC46)=0,NA(),INDIRECT(AI$13&$AC46))} -> #N/A | AJ46: {=IF(INDIRECT(AJ$13&$AC46)=0,NA(),INDIRECT(AJ$13&$AC46))} -> #N/A | AK46: {=IF(INDIRECT(AK$13&$AC46)=0,NA(),INDIRECT(AK$13&$AC46))} -> #N/A | ... AS46: {=IF(INDIRECT(AS$13&$AC46)=0,NA(),INDIRECT(AS$13&$AC46))} -> 556101
D47: 000 | E47: 2015 | F47: nbpieces_cc | S47: 89274499 | W47: 33 | X47: 02f | Y47: =Z46+1 -> 1743 | Z47: =Y47+(Z46-Y46) -> 1796 | AC47: =AC46+1 -> 101 | AD47: {=IF(INDIRECT(AD$13&$AC47)=0,NA(),INDIRECT(AD$13&$AC47))} -> 01a | AE47: {=IF(INDIRECT(AE$13&$AC47)=0,NA(),INDIRECT(AE$13&$AC47))} -> 2015 | AF47: {=IF(INDIRECT(AF$13&$AC47)=0,NA(),INDIRECT(AF$13&$AC47))} -> nbpieces_cc | AG47: {=IF(INDIRECT(AG$13&$AC47)=0,NA(),INDIRECT(AG$13&$AC47))} -> #N/A | AH47: {=IF(INDIRECT(AH$13&$AC47)=0,NA(),INDIRECT(AH$13&$AC47))} -> #N/A | AI47: {=IF(INDIRECT(AI$13&$AC47)=0,NA(),INDIRECT(AI$13&$AC47))} -> #N/A | AJ47: {=IF(INDIRECT(AJ$13&$AC47)=0,NA(),INDIRECT(AJ$13&$AC47))} -> #N/A | AK47: {=IF(INDIRECT(AK$13&$AC47)=0,NA(),INDIRECT(AK$13&$AC47))} -> #N/A | ... AS47: {=IF(INDIRECT(AS$13&$AC47)=0,NA(),INDIRECT(AS$13&$AC47))} -> 623158
D48: 000 | E48: 2013 | F48: nbpieces_mm | G48: 13468523 | H48: 11544386 | I48: 11236714 | J48: 10673695 | K48: 9799243 | L48: 10531046 | M48: 11775910 | N48: 10468559 | O48: 13305459 | P48: 14867681 | Q48: 13113382 | R48: 13410010 | W48: 34 | X48: 02g | Y48: =Z47+1 -> 1797 | Z48: =Y48+(Z47-Y47) -> 1850 | AC48: =AC47+1 -> 102 | AD48: {=IF(INDIRECT(AD$13&$AC48)=0,NA(),INDIRECT(AD$13&$AC48))} -> 01a | AE48: {=IF(INDIRECT(AE$13&$AC48)=0,NA(),INDIRECT(AE$13&$AC48))} -> 2013 | AF48: {=IF(INDIRECT(AF$13&$AC48)=0,NA(),INDIRECT(AF$13&$AC48))} -> nbpieces_mm | AG48: {=IF(INDIRECT(AG$13&$AC48)=0,NA(),INDIRECT(AG$13&$AC48))} -> 105171 | AH48: {=IF(INDIRECT(AH$13&$AC48)=0,NA(),INDIRECT(AH$13&$AC48))} -> 93084 | AI48: {=IF(INDIRECT(AI$13&$AC48)=0,NA(),INDIRECT(AI$13&$AC48))} -> 86744 | AJ48: {=IF(INDIRECT(AJ$13&$AC48)=0,NA(),INDIRECT(AJ$13&$AC48))} -> 77886 | AK48: {=IF(INDIRECT(AK$13&$AC48)=0,NA(),INDIRECT(AK$13&$AC48))} -> 81818 | ... AS48: {=IF(INDIRECT(AS$13&$AC48)=0,NA(),INDIRECT(AS$13&$AC48))} -> #N/A
D49: 000 | E49: 2014 | F49: nbpieces_mm | G49: 13880018 | H49: 12261863 | I49: 11335496 | J49: 10992210 | K49: 9935737 | L49: 10613787 | M49: 11639218 | N49: 10751555 | O49: 13653809 | P49: 14349573 | Q49: 13049225 | R49: 14728099 | W49: 35 | X49: 02h | Y49: =Z48+1 -> 1851 | Z49: =Y49+(Z48-Y48) -> 1904 | AC49: =AC48+1 -> 103 | AD49: {=IF(INDIRECT(AD$13&$AC49)=0,NA(),INDIRECT(AD$13&$AC49))} -> 01a | AE49: {=IF(INDIRECT(AE$13&$AC49)=0,NA(),INDIRECT(AE$13&$AC49))} -> 2014 | AF49: {=IF(INDIRECT(AF$13&$AC49)=0,NA(),INDIRECT(AF$13&$AC49))} -> nbpieces_mm | AG49: {=IF(INDIRECT(AG$13&$AC49)=0,NA(),INDIRECT(AG$13&$AC49))} -> 101824 | AH49: {=IF(INDIRECT(AH$13&$AC49)=0,NA(),INDIRECT(AH$13&$AC49))} -> 85988 | AI49: {=IF(INDIRECT(AI$13&$AC49)=0,NA(),INDIRECT(AI$13&$AC49))} -> 77215 | AJ49: {=IF(INDIRECT(AJ$13&$AC49)=0,NA(),INDIRECT(AJ$13&$AC49))} -> 73509 | AK49: {=IF(INDIRECT(AK$13&$AC49)=0,NA(),INDIRECT(AK$13&$AC49))} -> 68929 | ... AS49: {=IF(INDIRECT(AS$13&$AC49)=0,NA(),INDIRECT(AS$13&$AC49))} -> #N/A
D50: 000 | E50: 2015 | F50: nbpieces_mm | G50: 14161260 | H50: 12570609 | I50: 13389634 | J50: 11960234 | K50: 10564092 | L50: 13134705 | M50: 13493965 | W50: 36 | X50: 02i | Y50: =Z49+1 -> 1905 | Z50: =Y50+(Z49-Y49) -> 1958 | AC50: =AC49+1 -> 104 | AD50: {=IF(INDIRECT(AD$13&$AC50)=0,NA(),INDIRECT(AD$13&$AC50))} -> 01a | AE50: {=IF(INDIRECT(AE$13&$AC50)=0,NA(),INDIRECT(AE$13&$AC50))} -> 2015 | AF50: {=IF(INDIRECT(AF$13&$AC50)=0,NA(),INDIRECT(AF$13&$AC50))} -> nbpieces_mm | AG50: {=IF(INDIRECT(AG$13&$AC50)=0,NA(),INDIRECT(AG$13&$AC50))} -> 102582 | AH50: {=IF(INDIRECT(AH$13&$AC50)=0,NA(),INDIRECT(AH$13&$AC50))} -> 85364 | AI50: {=IF(INDIRECT(AI$13&$AC50)=0,NA(),INDIRECT(AI$13&$AC50))} -> 97294 | AJ50: {=IF(INDIRECT(AJ$13&$AC50)=0,NA(),INDIRECT(AJ$13&$AC50))} -> 81919 | AK50: {=IF(INDIRECT(AK$13&$AC50)=0,NA(),INDIRECT(AK$13&$AC50))} -> 73653 | ... AS50: {=IF(INDIRECT(AS$13&$AC50)=0,NA(),INDIRECT(AS$13&$AC50))} -> #N/A
D51: 000 | E51: 2013 | F51: nbvis_cc | S51: 9854086 | W51: 37 | X51: 02j | Y51: =Z50+1 -> 1959 | Z51: =Y51+(Z50-Y50) -> 2012 | AC51: =AC50+1 -> 105 | AD51: {=IF(INDIRECT(AD$13&$AC51)=0,NA(),INDIRECT(AD$13&$AC51))} -> 01a | AE51: {=IF(INDIRECT(AE$13&$AC51)=0,NA(),INDIRECT(AE$13&$AC51))} -> 2013 | AF51: {=IF(INDIRECT(AF$13&$AC51)=0,NA(),INDIRECT(AF$13&$AC51))} -> nbvis_cc | AG51: {=IF(INDIRECT(AG$13&$AC51)=0,NA(),INDIRECT(AG$13&$AC51))} -> #N/A | AH51: {=IF(INDIRECT(AH$13&$AC51)=0,NA(),INDIRECT(AH$13&$AC51))} -> #N/A | AI51: {=IF(INDIRECT(AI$13&$AC51)=0,NA(),INDIRECT(AI$13&$AC51))} -> #N/A | AJ51: {=IF(INDIRECT(AJ$13&$AC51)=0,NA(),INDIRECT(AJ$13&$AC51))} -> #N/A | AK51: {=IF(INDIRECT(AK$13&$AC51)=0,NA(),INDIRECT(AK$13&$AC51))} -> #N/A | ... AS51: {=IF(INDIRECT(AS$13&$AC51)=0,NA(),INDIRECT(AS$13&$AC51))} -> 49950
D52: 000 | E52: 2014 | F52: nbvis_cc | S52: 9390047 | W52: 38 | X52: 02k | Y52: =Z51+1 -> 2013 | Z52: =Y52+(Z51-Y51) -> 2066 | AC52: =AC51+1 -> 106 | AD52: {=IF(INDIRECT(AD$13&$AC52)=0,NA(),INDIRECT(AD$13&$AC52))} -> 01a | AE52: {=IF(INDIRECT(AE$13&$AC52)=0,NA(),INDIRECT(AE$13&$AC52))} -> 2014 | AF52: {=IF(INDIRECT(AF$13&$AC52)=0,NA(),INDIRECT(AF$13&$AC52))} -> nbvis_cc | AG52: {=IF(INDIRECT(AG$13&$AC52)=0,NA(),INDIRECT(AG$13&$AC52))} -> #N/A | AH52: {=IF(INDIRECT(AH$13&$AC52)=0,NA(),INDIRECT(AH$13&$AC52))} -> #N/A | AI52: {=IF(INDIRECT(AI$13&$AC52)=0,NA(),INDIRECT(AI$13&$AC52))} -> #N/A | AJ52: {=IF(INDIRECT(AJ$13&$AC52)=0,NA(),INDIRECT(AJ$13&$AC52))} -> #N/A | AK52: {=IF(INDIRECT(AK$13&$AC52)=0,NA(),INDIRECT(AK$13&$AC52))} -> #N/A | ... AS52: {=IF(INDIRECT(AS$13&$AC52)=0,NA(),INDIRECT(AS$13&$AC52))} -> 42234
D53: 000 | E53: 2015 | F53: nbvis_cc | S53: 8201037 | W53: 39 | X53: 02l | Y53: =Z52+1 -> 2067 | Z53: =Y53+(Z52-Y52) -> 2120 | AC53: =AC52+1 -> 107 | AD53: {=IF(INDIRECT(AD$13&$AC53)=0,NA(),INDIRECT(AD$13&$AC53))} -> 01a | AE53: {=IF(INDIRECT(AE$13&$AC53)=0,NA(),INDIRECT(AE$13&$AC53))} -> 2015 | AF53: {=IF(INDIRECT(AF$13&$AC53)=0,NA(),INDIRECT(AF$13&$AC53))} -> nbvis_cc | AG53: {=IF(INDIRECT(AG$13&$AC53)=0,NA(),INDIRECT(AG$13&$AC53))} -> #N/A | AH53: {=IF(INDIRECT(AH$13&$AC53)=0,NA(),INDIRECT(AH$13&$AC53))} -> #N/A | AI53: {=IF(INDIRECT(AI$13&$AC53)=0,NA(),INDIRECT(AI$13&$AC53))} -> #N/A | AJ53: {=IF(INDIRECT(AJ$13&$AC53)=0,NA(),INDIRECT(AJ$13&$AC53))} -> #N/A | AK53: {=IF(INDIRECT(AK$13&$AC53)=0,NA(),INDIRECT(AK$13&$AC53))} -> #N/A | ... AS53: {=IF(INDIRECT(AS$13&$AC53)=0,NA(),INDIRECT(AS$13&$AC53))} -> 12692
D54: 000 | E54: 2013 | F54: nbvis_mm | G54: 1682110 | H54: 1472300 | I54: 1390728 | J54: 1380486 | K54: 1315794 | L54: 1286446 | M54: 1326222 | N54: 1160168 | O54: 1603333 | P54: 1551717 | Q54: 1374667 | R54: 1340559 | W54: 40 | X54: 02m | Y54: =Z53+1 -> 2121 | Z54: =Y54+(Z53-Y53) -> 2174 | AC54: =AC53+1 -> 108 | AD54: {=IF(INDIRECT(AD$13&$AC54)=0,NA(),INDIRECT(AD$13&$AC54))} -> 01a | AE54: {=IF(INDIRECT(AE$13&$AC54)=0,NA(),INDIRECT(AE$13&$AC54))} -> 2013 | AF54: {=IF(INDIRECT(AF$13&$AC54)=0,NA(),INDIRECT(AF$13&$AC54))} -> nbvis_mm | AG54: {=IF(INDIRECT(AG$13&$AC54)=0,NA(),INDIRECT(AG$13&$AC54))} -> 8649 | AH54: {=IF(INDIRECT(AH$13&$AC54)=0,NA(),INDIRECT(AH$13&$AC54))} -> 7653 | AI54: {=IF(INDIRECT(AI$13&$AC54)=0,NA(),INDIRECT(AI$13&$AC54))} -> 7421 | AJ54: {=IF(INDIRECT(AJ$13&$AC54)=0,NA(),INDIRECT(AJ$13&$AC54))} -> 6262 | AK54: {=IF(INDIRECT(AK$13&$AC54)=0,NA(),INDIRECT(AK$13&$AC54))} -> 7238 | ... AS54: {=IF(INDIRECT(AS$13&$AC54)=0,NA(),INDIRECT(AS$13&$AC54))} -> #N/A
D55: 000 | E55: 2014 | F55: nbvis_mm | G55: 1644543 | H55: 1487672 | I55: 1411538 | J55: 1285055 | K55: 1170442 | L55: 1198782 | M55: 1192015 | N55: 1102574 | O55: 1491446 | P55: 1401364 | Q55: 1240523 | R55: 1299941 | W55: 41 | X55: 02n | Y55: =Z54+1 -> 2175 | Z55: =Y55+(Z54-Y54) -> 2228 | AC55: =AC54+1 -> 109 | AD55: {=IF(INDIRECT(AD$13&$AC55)=0,NA(),INDIRECT(AD$13&$AC55))} -> 01a | AE55: {=IF(INDIRECT(AE$13&$AC55)=0,NA(),INDIRECT(AE$13&$AC55))} -> 2014 | AF55: {=IF(INDIRECT(AF$13&$AC55)=0,NA(),INDIRECT(AF$13&$AC55))} -> nbvis_mm | AG55: {=IF(INDIRECT(AG$13&$AC55)=0,NA(),INDIRECT(AG$13&$AC55))} -> 9394 | AH55: {=IF(INDIRECT(AH$13&$AC55)=0,NA(),INDIRECT(AH$13&$AC55))} -> 8113 | AI55: {=IF(INDIRECT(AI$13&$AC55)=0,NA(),INDIRECT(AI$13&$AC55))} -> 6958 | AJ55: {=IF(INDIRECT(AJ$13&$AC55)=0,NA(),INDIRECT(AJ$13&$AC55))} -> 6450 | AK55: {=IF(INDIRECT(AK$13&$AC55)=0,NA(),INDIRECT(AK$13&$AC55))} -> 3908 | ... AS55: {=IF(INDIRECT(AS$13&$AC55)=0,NA(),INDIRECT(AS$13&$AC55))} -> #N/A
D56: 000 | E56: 2015 | F56: nbvis_mm | G56: 1337837 | H56: 1269925 | I56: 1353460 | J56: 1109321 | K56: 941642 | L56: 1177656 | M56: 1011196 | W56: 42 | X56: 02o | Y56: =Z55+1 -> 2229 | Z56: =Y56+(Z55-Y55) -> 2282 | AC56: =AC55+1 -> 110 | AD56: {=IF(INDIRECT(AD$13&$AC56)=0,NA(),INDIRECT(AD$13&$AC56))} -> 01a | AE56: {=IF(INDIRECT(AE$13&$AC56)=0,NA(),INDIRECT(AE$13&$AC56))} -> 2015 | AF56: {=IF(INDIRECT(AF$13&$AC56)=0,NA(),INDIRECT(AF$13&$AC56))} -> nbvis_mm | AG56: {=IF(INDIRECT(AG$13&$AC56)=0,NA(),INDIRECT(AG$13&$AC56))} -> 2657 | AH56: {=IF(INDIRECT(AH$13&$AC56)=0,NA(),INDIRECT(AH$13&$AC56))} -> 1849 | AI56: {=IF(INDIRECT(AI$13&$AC56)=0,NA(),INDIRECT(AI$13&$AC56))} -> 1896 | AJ56: {=IF(INDIRECT(AJ$13&$AC56)=0,NA(),INDIRECT(AJ$13&$AC56))} -> 1642 | AK56: {=IF(INDIRECT(AK$13&$AC56)=0,NA(),INDIRECT(AK$13&$AC56))} -> 1541 | ... AS56: {=IF(INDIRECT(AS$13&$AC56)=0,NA(),INDIRECT(AS$13&$AC56))} -> #N/A
D57: 000 | E57: 2013 | F57: txapptra_cc | S57: 0.76780579 | W57: 43 | X57: 02p | Y57: =Z56+1 -> 2283 | Z57: =Y57+(Z56-Y56) -> 2336 | AC57: =AC56+1 -> 111 | AD57: {=IF(INDIRECT(AD$13&$AC57)=0,NA(),INDIRECT(AD$13&$AC57))} -> 01a | AE57: {=IF(INDIRECT(AE$13&$AC57)=0,NA(),INDIRECT(AE$13&$AC57))} -> 2013 | AF57: {=IF(INDIRECT(AF$13&$AC57)=0,NA(),INDIRECT(AF$13&$AC57))} -> txapptra_cc | AG57: {=IF(INDIRECT(AG$13&$AC57)=0,NA(),INDIRECT(AG$13&$AC57))} -> #N/A | AH57: {=IF(INDIRECT(AH$13&$AC57)=0,NA(),INDIRECT(AH$13&$AC57))} -> #N/A | AI57: {=IF(INDIRECT(AI$13&$AC57)=0,NA(),INDIRECT(AI$13&$AC57))} -> #N/A | AJ57: {=IF(INDIRECT(AJ$13&$AC57)=0,NA(),INDIRECT(AJ$13&$AC57))} -> #N/A | AK57: {=IF(INDIRECT(AK$13&$AC57)=0,NA(),INDIRECT(AK$13&$AC57))} -> #N/A | ... AS57: {=IF(INDIRECT(AS$13&$AC57)=0,NA(),INDIRECT(AS$13&$AC57))} -> 0.83734427
D58: 000 | E58: 2014 | F58: txapptra_cc | S58: 0.90422648 | W58: 44 | X58: 02q | Y58: =Z57+1 -> 2337 | Z58: =Y58+(Z57-Y57) -> 2390 | AC58: =AC57+1 -> 112 | AD58: {=IF(INDIRECT(AD$13&$AC58)=0,NA(),INDIRECT(AD$13&$AC58))} -> 01a | AE58: {=IF(INDIRECT(AE$13&$AC58)=0,NA(),INDIRECT(AE$13&$AC58))} -> 2014 | AF58: {=IF(INDIRECT(AF$13&$AC58)=0,NA(),INDIRECT(AF$13&$AC58))} -> txapptra_cc | AG58: {=IF(INDIRECT(AG$13&$AC58)=0,NA(),INDIRECT(AG$13&$AC58))} -> #N/A | AH58: {=IF(INDIRECT(AH$13&$AC58)=0,NA(),INDIRECT(AH$13&$AC58))} -> #N/A | AI58: {=IF(INDIRECT(AI$13&$AC58)=0,NA(),INDIRECT(AI$13&$AC58))} -> #N/A | AJ58: {=IF(INDIRECT(AJ$13&$AC58)=0,NA(),INDIRECT(AJ$13&$AC58))} -> #N/A | AK58: {=IF(INDIRECT(AK$13&$AC58)=0,NA(),INDIRECT(AK$13&$AC58))} -> #N/A | ... AS58: {=IF(INDIRECT(AS$13&$AC58)=0,NA(),INDIRECT(AS$13&$AC58))} -> 0.93175138
D59: 000 | E59: 2015 | F59: txapptra_cc | S59: 0.90048181 | W59: 45 | X59: 02r | Y59: =Z58+1 -> 2391 | Z59: =Y59+(Z58-Y58) -> 2444 | AC59: =AC58+1 -> 113 | AD59: {=IF(INDIRECT(AD$13&$AC59)=0,NA(),INDIRECT(AD$13&$AC59))} -> 01a | AE59: {=IF(INDIRECT(AE$13&$AC59)=0,NA(),INDIRECT(AE$13&$AC59))} -> 2015 | AF59: {=IF(INDIRECT(AF$13&$AC59)=0,NA(),INDIRECT(AF$13&$AC59))} -> txapptra_cc | AG59: {=IF(INDIRECT(AG$13&$AC59)=0,NA(),INDIRECT(AG$13&$AC59))} -> #N/A | AH59: {=IF(INDIRECT(AH$13&$AC59)=0,NA(),INDIRECT(AH$13&$AC59))} -> #N/A | AI59: {=IF(INDIRECT(AI$13&$AC59)=0,NA(),INDIRECT(AI$13&$AC59))} -> #N/A | AJ59: {=IF(INDIRECT(AJ$13&$AC59)=0,NA(),INDIRECT(AJ$13&$AC59))} -> #N/A | AK59: {=IF(INDIRECT(AK$13&$AC59)=0,NA(),INDIRECT(AK$13&$AC59))} -> #N/A | ... AS59: {=IF(INDIRECT(AS$13&$AC59)=0,NA(),INDIRECT(AS$13&$AC59))} -> 0.91241046
D60: 000 | E60: 2013 | F60: txapptra_mm | G60: 0.71808077 | H60: 0.69431677 | I60: 0.75837756 | J60: 0.79480724 | K60: 0.77705273 | L60: 0.80376729 | M60: 0.88673382 | N60: 0.88871441 | O60: 0.88305623 | P60: 0.91583426 | Q60: 0.89307334 | R60: 0.9317042 | W60: 46 | X60: 02s | Y60: =Z59+1 -> 2445 | Z60: =Y60+(Z59-Y59) -> 2498 | AC60: =AC59+1 -> 114 | AD60: {=IF(INDIRECT(AD$13&$AC60)=0,NA(),INDIRECT(AD$13&$AC60))} -> 01a | AE60: {=IF(INDIRECT(AE$13&$AC60)=0,NA(),INDIRECT(AE$13&$AC60))} -> 2013 | AF60: {=IF(INDIRECT(AF$13&$AC60)=0,NA(),INDIRECT(AF$13&$AC60))} -> txapptra_mm | AG60: {=IF(INDIRECT(AG$13&$AC60)=0,NA(),INDIRECT(AG$13&$AC60))} -> 0.85813383 | AH60: {=IF(INDIRECT(AH$13&$AC60)=0,NA(),INDIRECT(AH$13&$AC60))} -> 0.74060976 | AI60: {=IF(INDIRECT(AI$13&$AC60)=0,NA(),INDIRECT(AI$13&$AC60))} -> 0.78343626 | AJ60: {=IF(INDIRECT(AJ$13&$AC60)=0,NA(),INDIRECT(AJ$13&$AC60))} -> 0.84489687 | AK60: {=IF(INDIRECT(AK$13&$AC60)=0,NA(),INDIRECT(AK$13&$AC60))} -> 0.84850201 | ... AS60: {=IF(INDIRECT(AS$13&$AC60)=0,NA(),INDIRECT(AS$13&$AC60))} -> #N/A
D61: 000 | E61: 2014 | F61: txapptra_mm | G61: 0.91270653 | H61: 0.8846416 | I61: 0.9137467 | J61: 0.92699535 | K61: 0.89190565 | L61: 0.8966693 | M61: 0.90505144 | N61: 0.9063061 | O61: 0.90653238 | P61: 0.92089163 | Q61: 0.91512491 | R61: 0.91167661 | W61: 47 | X61: 02t | Y61: =Z60+1 -> 2499 | Z61: =Y61+(Z60-Y60) -> 2552 | AC61: =AC60+1 -> 115 | AD61: {=IF(INDIRECT(AD$13&$AC61)=0,NA(),INDIRECT(AD$13&$AC61))} -> 01a | AE61: {=IF(INDIRECT(AE$13&$AC61)=0,NA(),INDIRECT(AE$13&$AC61))} -> 2014 | AF61: {=IF(INDIRECT(AF$13&$AC61)=0,NA(),INDIRECT(AF$13&$AC61))} -> txapptra_mm | AG61: {=IF(INDIRECT(AG$13&$AC61)=0,NA(),INDIRECT(AG$13&$AC61))} -> 0.94550479 | AH61: {=IF(INDIRECT(AH$13&$AC61)=0,NA(),INDIRECT(AH$13&$AC61))} -> 0.92408388 | AI61: {=IF(INDIRECT(AI$13&$AC61)=0,NA(),INDIRECT(AI$13&$AC61))} -> 0.93725756 | AJ61: {=IF(INDIRECT(AJ$13&$AC61)=0,NA(),INDIRECT(AJ$13&$AC61))} -> 0.95114119 | AK61: {=IF(INDIRECT(AK$13&$AC61)=0,NA(),INDIRECT(AK$13&$AC61))} -> 0.93958559 | ... AS61: {=IF(INDIRECT(AS$13&$AC61)=0,NA(),INDIRECT(AS$13&$AC61))} -> #N/A
D62: 000 | E62: 2015 | F62: txapptra_mm | G62: 0.91914639 | H62: 0.89843865 | I62: 0.89552839 | J62: 0.90013601 | K62: 0.89978394 | L62: 0.90341397 | M62: 0.88619939 | W62: 48 | X62: 02u | Y62: =Z61+1 -> 2553 | Z62: =Y62+(Z61-Y61) -> 2606 | AC62: =AC61+1 -> 116 | AD62: {=IF(INDIRECT(AD$13&$AC62)=0,NA(),INDIRECT(AD$13&$AC62))} -> 01a | AE62: {=IF(INDIRECT(AE$13&$AC62)=0,NA(),INDIRECT(AE$13&$AC62))} -> 2015 | AF62: {=IF(INDIRECT(AF$13&$AC62)=0,NA(),INDIRECT(AF$13&$AC62))} -> txapptra_mm | AG62: {=IF(INDIRECT(AG$13&$AC62)=0,NA(),INDIRECT(AG$13&$AC62))} -> 0.92669916 | AH62: {=IF(INDIRECT(AH$13&$AC62)=0,NA(),INDIRECT(AH$13&$AC62))} -> 0.91097187 | AI62: {=IF(INDIRECT(AI$13&$AC62)=0,NA(),INDIRECT(AI$13&$AC62))} -> 0.924999 | AJ62: {=IF(INDIRECT(AJ$13&$AC62)=0,NA(),INDIRECT(AJ$13&$AC62))} -> 0.91061426 | AK62: {=IF(INDIRECT(AK$13&$AC62)=0,NA(),INDIRECT(AK$13&$AC62))} -> 0.91386555 | ... AS62: {=IF(INDIRECT(AS$13&$AC62)=0,NA(),INDIRECT(AS$13&$AC62))} -> #N/A
D63: 000 | E63: 2013 | F63: txapptragt_cc | S63: 0.74654133 | W63: 49 | X63: 02v | Y63: =Z62+1 -> 2607 | Z63: =Y63+(Z62-Y62) -> 2660 | AC63: =AC62+1 -> 117 | AD63: {=IF(INDIRECT(AD$13&$AC63)=0,NA(),INDIRECT(AD$13&$AC63))} -> 01a | AE63: {=IF(INDIRECT(AE$13&$AC63)=0,NA(),INDIRECT(AE$13&$AC63))} -> 2013 | AF63: {=IF(INDIRECT(AF$13&$AC63)=0,NA(),INDIRECT(AF$13&$AC63))} -> txapptragt_cc | AG63: {=IF(INDIRECT(AG$13&$AC63)=0,NA(),INDIRECT(AG$13&$AC63))} -> #N/A | AH63: {=IF(INDIRECT(AH$13&$AC63)=0,NA(),INDIRECT(AH$13&$AC63))} -> #N/A | AI63: {=IF(INDIRECT(AI$13&$AC63)=0,NA(),INDIRECT(AI$13&$AC63))} -> #N/A | AJ63: {=IF(INDIRECT(AJ$13&$AC63)=0,NA(),INDIRECT(AJ$13&$AC63))} -> #N/A | AK63: {=IF(INDIRECT(AK$13&$AC63)=0,NA(),INDIRECT(AK$13&$AC63))} -> #N/A | ... AS63: {=IF(INDIRECT(AS$13&$AC63)=0,NA(),INDIRECT(AS$13&$AC63))} -> 0.89449312
D64: 000 | E64: 2014 | F64: txapptragt_cc | S64: 0.86981714 | W64: 50 | X64: 02w | Y64: =Z63+1 -> 2661 | Z64: =Y64+(Z63-Y63) -> 2714 | AC64: =AC63+1 -> 118 | AD64: {=IF(INDIRECT(AD$13&$AC64)=0,NA(),INDIRECT(AD$13&$AC64))} -> 01a | AE64: {=IF(INDIRECT(AE$13&$AC64)=0,NA(),INDIRECT(AE$13&$AC64))} -> 2014 | AF64: {=IF(INDIRECT(AF$13&$AC64)=0,NA(),INDIRECT(AF$13&$AC64))} -> txapptragt_cc | AG64: {=IF(INDIRECT(AG$13&$AC64)=0,NA(),INDIRECT(AG$13&$AC64))} -> #N/A | AH64: {=IF(INDIRECT(AH$13&$AC64)=0,NA(),INDIRECT(AH$13&$AC64))} -> #N/A | AI64: {=IF(INDIRECT(AI$13&$AC64)=0,NA(),INDIRECT(AI$13&$AC64))} -> #N/A | AJ64: {=IF(INDIRECT(AJ$13&$AC64)=0,NA(),INDIRECT(AJ$13&$AC64))} -> #N/A | AK64: {=IF(INDIRECT(AK$13&$AC64)=0,NA(),INDIRECT(AK$13&$AC64))} -> #N/A | ... AS64: {=IF(INDIRECT(AS$13&$AC64)=0,NA(),INDIRECT(AS$13&$AC64))} -> 0.91452591
D65: 000 | E65: 2015 | F65: txapptragt_cc | S65: 0.90532287 | W65: 51 | X65: 02x | Y65: =Z64+1 -> 2715 | Z65: =Y65+(Z64-Y64) -> 2768 | AC65: =AC64+1 -> 119 | AD65: {=IF(INDIRECT(AD$13&$AC65)=0,NA(),INDIRECT(AD$13&$AC65))} -> 01a | AE65: {=IF(INDIRECT(AE$13&$AC65)=0,NA(),INDIRECT(AE$13&$AC65))} -> 2015 | AF65: {=IF(INDIRECT(AF$13&$AC65)=0,NA(),INDIRECT(AF$13&$AC65))} -> txapptragt_cc | AG65: {=IF(INDIRECT(AG$13&$AC65)=0,NA(),INDIRECT(AG$13&$AC65))} -> #N/A | AH65: {=IF(INDIRECT(AH$13&$AC65)=0,NA(),INDIRECT(AH$13&$AC65))} -> #N/A | AI65: {=IF(INDIRECT(AI$13&$AC65)=0,NA(),INDIRECT(AI$13&$AC65))} -> #N/A | AJ65: {=IF(INDIRECT(AJ$13&$AC65)=0,NA(),INDIRECT(AJ$13&$AC65))} -> #N/A | AK65: {=IF(INDIRECT(AK$13&$AC65)=0,NA(),INDIRECT(AK$13&$AC65))} -> #N/A | ... AS65: {=IF(INDIRECT(AS$13&$AC65)=0,NA(),INDIRECT(AS$13&$AC65))} -> 0.91253873
D66: 000 | E66: 2013 | F66: txapptragt_mm | G66: 0.67919574 | H66: 0.63094999 | I66: 0.74252841 | J66: 0.80199727 | K66: 0.77710228 | L66: 0.8289448 | M66: 0.85306133 | N66: 0.8236937 | O66: 0.82302114 | P66: 0.87170571 | Q66: 0.83386211 | R66: 0.89256014 | W66: 52 | X66: 02y | Y66: =Z65+1 -> 2769 | Z66: =Y66+(Z65-Y65) -> 2822 | AC66: =AC65+1 -> 120 | AD66: {=IF(INDIRECT(AD$13&$AC66)=0,NA(),INDIRECT(AD$13&$AC66))} -> 01a | AE66: {=IF(INDIRECT(AE$13&$AC66)=0,NA(),INDIRECT(AE$13&$AC66))} -> 2013 | AF66: {=IF(INDIRECT(AF$13&$AC66)=0,NA(),INDIRECT(AF$13&$AC66))} -> txapptragt_mm | AG66: {=IF(INDIRECT(AG$13&$AC66)=0,NA(),INDIRECT(AG$13&$AC66))} -> 0.86612588 | AH66: {=IF(INDIRECT(AH$13&$AC66)=0,NA(),INDIRECT(AH$13&$AC66))} -> 0.83015198 | AI66: {=IF(INDIRECT(AI$13&$AC66)=0,NA(),INDIRECT(AI$13&$AC66))} -> 0.90897169 | AJ66: {=IF(INDIRECT(AJ$13&$AC66)=0,NA(),INDIRECT(AJ$13&$AC66))} -> 0.89517088 | AK66: {=IF(INDIRECT(AK$13&$AC66)=0,NA(),INDIRECT(AK$13&$AC66))} -> 0.90718512 | ... AS66: {=IF(INDIRECT(AS$13&$AC66)=0,NA(),INDIRECT(AS$13&$AC66))} -> #N/A
D67: 000 | E67: 2014 | F67: txapptragt_mm | G67: 0.86953013 | H67: 0.8224258 | I67: 0.86775242 | J67: 0.89090725 | K67: 0.8394113 | L67: 0.89056599 | M67: 0.93055062 | N67: 0.9467064 | O67: 0.89904051 | P67: 0.94404506 | Q67: 0.91966524 | R67: 0.91821665 | W67: 53 | X67: 02z | Y67: =Z66+1 -> 2823 | Z67: =Y67+(Z66-Y66) -> 2876 | AC67: =AC66+1 -> 121 | AD67: {=IF(INDIRECT(AD$13&$AC67)=0,NA(),INDIRECT(AD$13&$AC67))} -> 01a | AE67: {=IF(INDIRECT(AE$13&$AC67)=0,NA(),INDIRECT(AE$13&$AC67))} -> 2014 | AF67: {=IF(INDIRECT(AF$13&$AC67)=0,NA(),INDIRECT(AF$13&$AC67))} -> txapptragt_mm | AG67: {=IF(INDIRECT(AG$13&$AC67)=0,NA(),INDIRECT(AG$13&$AC67))} -> 0.92045383 | AH67: {=IF(INDIRECT(AH$13&$AC67)=0,NA(),INDIRECT(AH$13&$AC67))} -> 0.87656748 | AI67: {=IF(INDIRECT(AI$13&$AC67)=0,NA(),INDIRECT(AI$13&$AC67))} -> 0.90414815 | AJ67: {=IF(INDIRECT(AJ$13&$AC67)=0,NA(),INDIRECT(AJ$13&$AC67))} -> 0.9286193 | AK67: {=IF(INDIRECT(AK$13&$AC67)=0,NA(),INDIRECT(AK$13&$AC67))} -> 0.90657601 | ... AS67: {=IF(INDIRECT(AS$13&$AC67)=0,NA(),INDIRECT(AS$13&$AC67))} -> #N/A
D68: 000 | E68: 2015 | F68: txapptragt_mm | G68: 0.92024123 | H68: 0.89678101 | I68: 0.91171635 | J68: 0.91120797 | K68: 0.90234996 | L68: 0.91337914 | M68: 0.88080203 | W68: 54 | X68: 03a | Y68: =Z67+1 -> 2877 | Z68: =Y68+(Z67-Y67) -> 2930 | AC68: =AC67+1 -> 122 | AD68: {=IF(INDIRECT(AD$13&$AC68)=0,NA(),INDIRECT(AD$13&$AC68))} -> 01a | AE68: {=IF(INDIRECT(AE$13&$AC68)=0,NA(),INDIRECT(AE$13&$AC68))} -> 2015 | AF68: {=IF(INDIRECT(AF$13&$AC68)=0,NA(),INDIRECT(AF$13&$AC68))} -> txapptragt_mm | AG68: {=IF(INDIRECT(AG$13&$AC68)=0,NA(),INDIRECT(AG$13&$AC68))} -> 0.93856188 | AH68: {=IF(INDIRECT(AH$13&$AC68)=0,NA(),INDIRECT(AH$13&$AC68))} -> 0.90924512 | AI68: {=IF(INDIRECT(AI$13&$AC68)=0,NA(),INDIRECT(AI$13&$AC68))} -> 0.92567932 | AJ68: {=IF(INDIRECT(AJ$13&$AC68)=0,NA(),INDIRECT(AJ$13&$AC68))} -> 0.89747117 | AK68: {=IF(INDIRECT(AK$13&$AC68)=0,NA(),INDIRECT(AK$13&$AC68))} -> 0.90667248 | ... AS68: {=IF(INDIRECT(AS$13&$AC68)=0,NA(),INDIRECT(AS$13&$AC68))} -> #N/A
D69: 01a | E69: 2013 | F69: VIS20_cc | S69: 0.83363363 | W69: 55 | X69: 03b | Y69: =Z68+1 -> 2931 | Z69: =Y69+(Z68-Y68) -> 2984
D70: 01a | E70: 2014 | F70: VIS20_cc | S70: 0.81313634 | W70: 56 | X70: 03c | Y70: =Z69+1 -> 2985 | Z70: =Y70+(Z69-Y69) -> 3038
D71: 01a | E71: 2015 | F71: VIS20_cc | S71: 0.99590293 | W71: 57 | X71: 03d | Y71: =Z70+1 -> 3039 | Z71: =Y71+(Z70-Y70) -> 3092
D72: 01a | E72: 2013 | F72: VIS20_mm | G72: 0.763094 | H72: 0.82007056 | I72: 0.82967255 | J72: 0.82321942 | K72: 0.82439901 | L72: 0.89501976 | M72: 0.90971571 | N72: 0.90856286 | O72: 0.80214034 | P72: 0.8025386 | Q72: 0.79484458 | R72: 0.78377577 | W72: 58 | X72: 03e | Y72: =Z71+1 -> 3093 | Z72: =Y72+(Z71-Y71) -> 3146
D73: 01a | E73: 2014 | F73: VIS20_mm | G73: 0.72525016 | H73: 0.76704055 | I73: 0.76099454 | J73: 0.81193798 | K73: 0.88894575 | L73: 0.97583008 | M73: 0.99638009 | N73: 0.99453054 | O73: 0.99615993 | P73: 0.99908925 | Q73: 0.99805195 | R73: 0.95098468 | W73: 59 | X73: 03f | Y73: =Z72+1 -> 3147 | Z73: =Y73+(Z72-Y72) -> 3200
D74: 01a | E74: 2015 | F74: VIS20_mm | G74: 0.99510726 | H74: 0.99567334 | I74: 0.99630802 | J74: 0.99634592 | K74: 0.99805321 | L74: 0.99508734 | M74: 0.99529412 | W74: 60 | X74: 03g | Y74: =Z73+1 -> 3201 | Z74: =Y74+(Z73-Y73) -> 3254
D75: 01a | E75: 2013 | F75: del15_cc | S75: 0.76167934 | W75: 61 | X75: 03h | Y75: =Z74+1 -> 3255 | Z75: =Y75+(Z74-Y74) -> 3308
D76: 01a | E76: 2014 | F76: del15_cc | S76: 0.9246031 | W76: 62 | X76: 03i | Y76: =Z75+1 -> 3309 | Z76: =Y76+(Z75-Y75) -> 3362
D77: 01a | E77: 2015 | F77: del15_cc | S77: 0.95843991 | W77: 63 | X77: 03j | Y77: =Z76+1 -> 3363 | Z77: =Y77+(Z76-Y76) -> 3416
D78: 01a | E78: 2013 | F78: del15_mm | G78: 0.7577942 | H78: 0.73294757 | I78: 0.64295464 | J78: 0.62567982 | K78: 0.71577009 | L78: 0.88059859 | M78: 0.9900968 | N78: 0.81477499 | O78: 0.81363585 | P78: 0.72439909 | Q78: 0.6204013 | R78: 0.74812256 | W78: 64 | X78: 03k | Y78: =Z77+1 -> 3417 | Z78: =Y78+(Z77-Y77) -> 3470
D79: 01a | E79: 2014 | F79: del15_mm | G79: 0.9550554 | H79: 0.84958368 | I79: 0.72034254 | J79: 0.98442507 | K79: 0.9948441 | L79: 0.9957389 | M79: 0.99747977 | N79: 0.99614758 | O79: 0.99578026 | P79: 0.99505736 | Q79: 0.98852439 | R79: 0.99509395 | W79: 65 | X79: 03l | Y79: =Z78+1 -> 3471 | Z79: =Y79+(Z78-Y78) -> 3524
D80: 01a | E80: 2015 | F80: del15_mm | G80: 0.98361271 | H80: 0.89302753 | I80: 0.89977713 | J80: 0.98977213 | K80: 0.96974427 | L80: 0.99185885 | M80: 0.99294636 | W80: 66 | X80: 03m | Y80: =Z79+1 -> 3525 | Z80: =Y80+(Z79-Y79) -> 3578
D81: 01a | E81: 2013 | F81: minima_cc | S81: 0.85010516 | W81: 67 | X81: 03n | Y81: =Z80+1 -> 3579 | Z81: =Y81+(Z80-Y80) -> 3632
D82: 01a | E82: 2014 | F82: minima_cc | S82: 0.9899145 | W82: 68 | X82: 03o | Y82: =Z81+1 -> 3633 | Z82: =Y82+(Z81-Y81) -> 3686
D83: 01a | E83: 2015 | F83: minima_cc | S83: 0.98810694 | W83: 69 | X83: 03p | Y83: =Z82+1 -> 3687 | Z83: =Y83+(Z82-Y82) -> 3740
D84: 01a | E84: 2013 | F84: minima_mm | G84: 0.8870709 | H84: 0.86396435 | I84: 0.69507411 | J84: 0.68631351 | K84: 0.81636401 | L84: 0.97558386 | M84: 0.98985959 | N84: 0.97808459 | O84: 0.9718819 | P84: 0.98241568 | Q84: 0.97772377 | R84: 0.92562882 | W84: 70 | X84: 03q | Y84: =Z83+1 -> 3741 | Z84: =Y84+(Z83-Y83) -> 3794
D85: 01a | E85: 2014 | F85: minima_mm | G85: 0.98896085 | H85: 0.98746867 | I85: 0.98691816 | J85: 0.98537254 | K85: 0.98862461 | L85: 0.99733066 | M85: 0.99509028 | N85: 0.99457216 | O85: 0.99341257 | P85: 0.99249925 | Q85: 0.97884552 | R85: 0.99218556 | W85: 71 | X85: 03r | Y85: =Z84+1 -> 3795 | Z85: =Y85+(Z84-Y84) -> 3848
D86: 01a | E86: 2015 | F86: minima_mm | G86: 0.98439376 | H86: 0.98565821 | I86: 0.98893669 | J86: 0.9888668 | K86: 0.99105602 | L86: 0.99003532 | M86: 0.98819124 | W86: 72 | X86: 03s | Y86: =Z85+1 -> 3849 | Z86: =Y86+(Z85-Y85) -> 3902
D87: 01a | E87: 2013 | F87: nbappabo_cc | S87: 138538 | W87: 73 | X87: 03t | Y87: =Z86+1 -> 3903 | Z87: =Y87+(Z86-Y86) -> 3956
D88: 01a | E88: 2014 | F88: nbappabo_cc | S88: 138479 | W88: 74 | X88: 03u | Y88: =Z87+1 -> 3957 | Z88: =Y88+(Z87-Y87) -> 4010
D89: 01a | E89: 2015 | F89: nbappabo_cc | S89: 145611 | W89: 75 | X89: 03v | Y89: =Z88+1 -> 4011 | Z89: =Y89+(Z88-Y88) -> 4064
D90: 01a | E90: 2013 | F90: nbappabo_mm | G90: 23642 | H90: 24600 | I90: 21698 | J90: 18665 | K90: 17657 | L90: 15095 | M90: 17181 | N90: 16220 | O90: 19976 | P90: 19698 | Q90: 18142 | R90: 16937 | W90: 76 | X90: 03w | Y90: =Z89+1 -> 4065 | Z90: =Y90+(Z89-Y89) -> 4118
D91: 01a | E91: 2014 | F91: nbappabo_mm | G91: 23158 | H91: 23987 | I91: 20624 | J91: 17438 | K91: 16602 | L91: 16676 | M91: 19994 | N91: 18533 | O91: 26798 | P91: 21615 | Q91: 18938 | R91: 18681 | W91: 77 | X91: 03x | Y91: =Z90+1 -> 4119 | Z91: =Y91+(Z90-Y90) -> 4172
D92: 01a | E92: 2015 | F92: nbappabo_mm | G92: 21746 | H92: 22184 | I92: 24893 | J92: 20708 | K92: 17612 | L92: 18999 | M92: 19469 | W92: 78 | X92: 03y | Y92: =Z91+1 -> 4173 | Z92: =Y92+(Z91-Y91) -> 4226
D93: 01a | E93: 2013 | F93: nbcourriers_cc | S93: 341756 | W93: 79 | X93: 03z | Y93: =Z92+1 -> 4227 | Z93: =Y93+(Z92-Y92) -> 4280
D94: 01a | E94: 2014 | F94: nbcourriers_cc | S94: 325674 | W94: 80 | X94: 04a | Y94: =Z93+1 -> 4281 | Z94: =Y94+(Z93-Y93) -> 4334
D95: 01a | E95: 2015 | F95: nbcourriers_cc | S95: 359288 | W95: 81 | X95: 04b | Y95: =Z94+1 -> 4335 | Z95: =Y95+(Z94-Y94) -> 4388
D96: 01a | E96: 2013 | F96: nbcourriers_mm | G96: 60546 | H96: 51467 | I96: 46712 | J96: 43869 | K96: 44750 | L96: 47173 | M96: 47239 | N96: 39265 | O96: 55571 | P96: 58798 | Q96: 46970 | R96: 50829 | W96: 82 | X96: 04c | Y96: =Z95+1 -> 4389 | Z96: =Y96+(Z95-Y95) -> 4442
D97: 01a | E97: 2014 | F97: nbcourriers_mm | G97: 60699 | H97: 48620 | I97: 44324 | J97: 43065 | K97: 39977 | L97: 43193 | M97: 45796 | N97: 45984 | O97: 54518 | P97: 56253 | Q97: 51013 | R97: 55589 | W97: 83 | X97: 04d | Y97: =Z96+1 -> 4443 | Z97: =Y97+(Z96-Y96) -> 4496
D98: 01a | E98: 2015 | F98: nbcourriers_mm | G98: 61115 | H98: 47115 | I98: 53606 | J98: 47226 | K98: 43302 | L98: 52687 | M98: 54237 | W98: 84 | X98: 04e | Y98: =Z97+1 -> 4497 | Z98: =Y98+(Z97-Y97) -> 4550
D99: 01a | E99: 2013 | F99: nbpieces_cc | S99: 622970 | W99: 85 | X99: 04f | Y99: =Z98+1 -> 4551 | Z99: =Y99+(Z98-Y98) -> 4604
D100: 01a | E100: 2014 | F100: nbpieces_cc | S100: 556101 | W100: 86 | X100: 04g | Y100: =Z99+1 -> 4605 | Z100: =Y100+(Z99-Y99) -> 4658
D101: 01a | E101: 2015 | F101: nbpieces_cc | S101: 623158 | W101: 87 | X101: 04h | Y101: =Z100+1 -> 4659 | Z101: =Y101+(Z100-Y100) -> 4712
D102: 01a | E102: 2013 | F102: nbpieces_mm | G102: 105171 | H102: 93084 | I102: 86744 | J102: 77886 | K102: 81818 | L102: 91896 | M102: 86371 | N102: 67514 | O102: 89870 | P102: 96592 | Q102: 77855 | R102: 86753 | W102: 88 | X102: 04i | Y102: =Z101+1 -> 4713 | Z102: =Y102+(Z101-Y101) -> 4766
D103: 01a | E103: 2014 | F103: nbpieces_mm | G103: 101824 | H103: 85988 | I103: 77215 | J103: 73509 | K103: 68929 | L103: 73473 | M103: 75163 | N103: 74479 | O103: 91577 | P103: 95507 | Q103: 85129 | R103: 96366 | W103: 89 | X103: 04j | Y103: =Z102+1 -> 4767 | Z103: =Y103+(Z102-Y102) -> 4820
D104: 01a | E104: 2015 | F104: nbpieces_mm | G104: 102582 | H104: 85364 | I104: 97294 | J104: 81919 | K104: 73653 | L104: 90460 | M104: 91886 | W104: 90 | X104: 04k | Y104: =Z103+1 -> 4821 | Z104: =Y104+(Z103-Y103) -> 4874
...

Sheet tdb1_ems
C1: 2 | D1: ="Résultats de la CAF "&VLOOKUP(C1,'Base de donnée'!W15:X117,2) -> Résultats de la CAF 01a
D21: Tableau de bord stratégique mensuel
L49: =VLOOKUP(COUNT('Base de donnée'!AG32:AR32),'Base de donnée'!AV10:AW21,2,0)&" " &'Base de donnée'!AE17 -> Juillet 2015
R88: 1
K90: SOMMAIRE
F97: GERER LA RELATION CLIENT | R97: 3
F99: Gérer les contacts physiques | R99: 3
G100: Nombre de visites
G101: Les visites avec un temps d’attente ≤ 20 min
G102: Dispersion des caisses selon le temps d’attente à l’accueil inférieur à 20 minutes
F105: Gérer les contacts téléphoniques | R105: 4
G106: Evolution du nombre d’appels téléphoniques aboutis
G107: Le taux d’appels traités
G108: Dispersion des caisses selon la part des appels traités
G109: Le taux d’appels traités par un agent | R109: 5
G110: Dispersion des caisses selon le taux d'appels traités par un agent
F113: Gérer les courriers entrants | R113: 6
G114: Nombre de courriers arrivés
G115: Nombre de pièces arrivées
F120: TRAITER LES PRESTATIONS INDIVIDUELLES | R120: 7
F122: Traiter les prestations légales et déléguées | R122: 7
G123: Les pièces traitées en 15 jours ou moins
G124: Répartition des caisses selon le pourcentage de pièces traitées en 15 jours ou moins
F127: Gérer les prestations liées aux minima sociaux | R127: 8
G128: Les pièces traitées en moins de 10 jours (minima sociaux
G129: Répartition des caisses selon le pourcentage de pièces traitées en moins de 10 jours (minima sociaux)
F147: Indice PCAP : Littéralement, c'est la "période comparable de l'année N à l'année N-1. Il s'agit donc de la période allant du 1er janvier au dernier jour du mois clôturé,
F148: comparée à celle du 1er janvier au mois correspondant de l'année précédente.
F151: Indice ACM : C'est l' "année complète mobile". Il s'agit de la période allant des 12 derniers mois comparés aux 12 mois précédant ceux-ci.
F152: Exemple : ACM (octobre 2010). On compare la période allant de novembre 2009 à octobre 2010 à la période allant de novembre 2008 à octobre 2009.
R180: 2
J182: GERER LA RELATION CLIENT
F185: GERER LES CONTACTS PHYSIQUES
F188: Nombre de visites (en milliers)
G220: Janvier | H220: Février | I220: Mars | J220: Avril | K220: Mai | L220: Juin | M220: Juillet | N220: Août | O220: Septembre | P220: Octobre | Q220: Novembre | R220: Décembre
F221: ="Evo"&'Base de donnée'!AD122 & "/" & 'Base de donnée'!AD124 -> Evo/ | G221: =IFERROR(('Base de donnée'!AG56-'Base de donnée'!AG55)/'Base de donnée'!AG55,"") -> -0.71715989 | H221: =IFERROR(('Base de donnée'!AH56-'Base de donnée'!AH55)/'Base de donnée'!AH55,"") -> -0.77209417 | I221: =IFERROR(('Base de donnée'!AI56-'Base de donnée'!AI55)/'Base de donnée'!AI55,"") -> -0.7275079 | J221: =IFERROR(('Base de donnée'!AJ56-'Base de donnée'!AJ55)/'Base de donnée'!AJ55,"") -> -0.74542636 | K221: =IFERROR(('Base de donnée'!AK56-'Base de donnée'!AK55)/'Base de donnée'!AK55,"") -> -0.60568066 | L221: =IFERROR(('Base de donnée'!AL56-'Base de donnée'!AL55)/'Base de donnée'!AL55,"") -> -0.55273438 | M221: =IFERROR(('Base de donnée'!AM56-'Base de donnée'!AM55)/'Base de donnée'!AM55,"") -> -0.61538462 | N221: =IFERROR(('Base de donnée'!AN56-'Base de donnée'!AN55)/'Base de donnée'!AN55,"") | ... R221: =IFERROR(('Base de donnée'!AR56-'Base de donnée'!AR55)/'Base de donnée'!AR55,"")
F222: PCAP | G222: =IFERROR((SUM('Base de donnée'!$AG56:AG56)-SUM('Base de donnée'!$AG55:AG55))/SUM('Base de donnée'!$AG55:AG55),"") -> -0.71715989 | H222: =IFERROR((SUM('Base de donnée'!$AG56:AH56)-SUM('Base de donnée'!$AG55:AH55))/SUM('Base de donnée'!$AG55:AH55),"") -> -0.74261724 | I222: =IFERROR((SUM('Base de donnée'!$AG56:AI56)-SUM('Base de donnée'!$AG55:AI55))/SUM('Base de donnée'!$AG55:AI55),"") -> -0.73832005 | J222: =IFERROR((SUM('Base de donnée'!$AG56:AJ56)-SUM('Base de donnée'!$AG55:AJ55))/SUM('Base de donnée'!$AG55:AJ55),"") -> -0.73980268 | K222: =IFERROR((SUM('Base de donnée'!$AG56:AK56)-SUM('Base de donnée'!$AG55:AK55))/SUM('Base de donnée'!$AG55:AK55),"") -> -0.72475088 | L222: =IFERROR((SUM('Base de donnée'!$AG56:AL56)-SUM('Base de donnée'!$AG55:AL55))/SUM('Base de donnée'!$AG55:AL55),"") -> -0.70664714 | M222: =IFERROR((SUM('Base de donnée'!$AG56:AM56)-SUM('Base de donnée'!$AG55:AM55))/SUM('Base de donnée'!$AG55:AM55),"") -> -0.69948383 | N222: =IFERROR((SUM('Base de donnée'!$AG56:AN56)-SUM('Base de donnée'!$AG55:AN55))/SUM('Base de donnée'!$AG55:AN55),"") | ... R222: =IFERROR((SUM('Base de donnée'!$AG56:AR56)-SUM('Base de donnée'!$AG55:AR55))/SUM('Base de donnée'!$AG55:AR55),"")
F223: ACM | G223: =IFERROR((SUM('Base de donnée'!$AG56:AG56,'Base de donnée'!AH55:$AR55)-SUM('Base de donnée'!$AG55:AG55,'Base de donnée'!AH54:$AR54))/SUM('Base de donnée'!$AG55:AG55,'Base de donnée'!AH54:$AR54),"") -> -0.40427055 | H223: =IFERROR((SUM('Base de donnée'!$AG56:AH56,'Base de donnée'!AI55:$AR55)-SUM('Base de donnée'!$AG55:AH55,'Base de donnée'!AI54:$AR54))/SUM('Base de donnée'!$AG55:AH55,'Base de donnée'!AI54:$AR54),"") -> -0.48056479 | I223: =IFERROR((SUM('Base de donnée'!$AG56:AI56,'Base de donnée'!AJ55:$AR55)-SUM('Base de donnée'!$AG55:AI55,'Base de donnée'!AJ54:$AR54))/SUM('Base de donnée'!$AG55:AI55,'Base de donnée'!AJ54:$AR54),"") -> -0.53713394 | J223: =IFERROR((SUM('Base de donnée'!$AG56:AJ56,'Base de donnée'!AK55:$AR55)-SUM('Base de donnée'!$AG55:AJ55,'Base de donnée'!AK54:$AR54))/SUM('Base de donnée'!$AG55:AJ55,'Base de donnée'!AK54:$AR54),"") -> -0.59443924 | K223: =IFERROR((SUM('Base de donnée'!$AG56:AK56,'Base de donnée'!AL55:$AR55)-SUM('Base de donnée'!$AG55:AK55,'Base de donnée'!AL54:$AR54))/SUM('Base de donnée'!$AG55:AK55,'Base de donnée'!AL54:$AR54),"") -> -0.60682178 | L223: =IFERROR((SUM('Base de donnée'!$AG56:AL56,'Base de donnée'!AM55:$AR55)-SUM('Base de donnée'!$AG55:AL55,'Base de donnée'!AM54:$AR54))/SUM('Base de donnée'!$AG55:AL55,'Base de donnée'!AM54:$AR54),"") -> -0.62419704 | M223: =IFERROR((SUM('Base de donnée'!$AG56:AM56,'Base de donnée'!AN55:$AR55)-SUM('Base de donnée'!$AG55:AM55,'Base de donnée'!AN54:$AR54))/SUM('Base de donnée'!$AG55:AM55,'Base de donnée'!AN54:$AR54),"") -> -0.63565791 | N223: =IFERROR((SUM('Base de donnée'!$AG56:AN56,'Base de donnée'!AO55:$AR55)-SUM('Base de donnée'!$AG55:AN55,'Base de donnée'!AO54:$AR54))/SUM('Base de donnée'!$AG55:AN55,'Base de donnée'!AO54:$AR54),"") | ... Q223: =IFERROR((SUM('Base de donnée'!$AG56:AQ56,'Base de donnée'!AR55:$AR55)-SUM('Base de donnée'!$AG55:AQ55,'Base de donnée'!AR54:$AR54))/SUM('Base de donnée'!$AG55:AQ55,'Base de donnée'!AR54:$AR54),"") | R223: =IFERROR((SUM('Base de donnée'!$AG56:AR56,'Base de donnée'!$AR55:AS55)-SUM('Base de donnée'!$AG55:AR55,'Base de donnée'!$AR54:AS54))/SUM('Base de donnée'!$AG55:AR55,'Base de donnée'!$AR54:AS54),"")
F228: Les visites avec un temps d'attente inférieur à 20 minutes
G258: Janvier | H258: Février | I258: Mars | J258: Avril | K258: Mai | L258: Juin | M258: Juillet | N258: Août | O258: Septembre | P258: Octobre | Q258: Novembre | R258: Décembre
F259: ="Evo"&'Base de donnée'!AD160 & "/" & 'Base de donnée'!AD162 -> Evo/ | G259: =IFERROR(('Base de donnée'!AG20-'Base de donnée'!AG19)/'Base de donnée'!AG19,"") -> 0.37208831 | H259: =IFERROR(('Base de donnée'!AH20-'Base de donnée'!AH19)/'Base de donnée'!AH19,"") -> 0.29807131 | I259: =IFERROR(('Base de donnée'!AI20-'Base de donnée'!AI19)/'Base de donnée'!AI19,"") -> 0.30921835 | J259: =IFERROR(('Base de donnée'!AJ20-'Base de donnée'!AJ19)/'Base de donnée'!AJ19,"") -> 0.22712071 | K259: =IFERROR(('Base de donnée'!AK20-'Base de donnée'!AK19)/'Base de donnée'!AK19,"") -> 0.12273804 | L259: =IFERROR(('Base de donnée'!AL20-'Base de donnée'!AL19)/'Base de donnée'!AL19,"") -> 0.019734233 | M259: =IFERROR(('Base de donnée'!AM20-'Base de donnée'!AM19)/'Base de donnée'!AM19,"") -> -0.0010899183 | N259: =IFERROR(('Base de donnée'!AN20-'Base de donnée'!AN19)/'Base de donnée'!AN19,"") | ... R259: =IFERROR(('Base de donnée'!AR20-'Base de donnée'!AR19)/'Base de donnée'!AR19,"")
F260: PCAP | G260: =IFERROR((SUM('Base de donnée'!$AG20:AG20)-SUM('Base de donnée'!$AG19:AG19))/SUM('Base de donnée'!$AG19:AG19),"") -> 0.37208831 | H260: =IFERROR((SUM('Base de donnée'!$AG20:AH20)-SUM('Base de donnée'!$AG19:AH19))/SUM('Base de donnée'!$AG19:AH19),"") -> 0.33404342 | I260: =IFERROR((SUM('Base de donnée'!$AG20:AI20)-SUM('Base de donnée'!$AG19:AI19))/SUM('Base de donnée'!$AG19:AI19),"") -> 0.32565933 | J260: =IFERROR((SUM('Base de donnée'!$AG20:AJ20)-SUM('Base de donnée'!$AG19:AJ19))/SUM('Base de donnée'!$AG19:AJ19),"") -> 0.29955773 | K260: =IFERROR((SUM('Base de donnée'!$AG20:AK20)-SUM('Base de donnée'!$AG19:AK19))/SUM('Base de donnée'!$AG19:AK19),"") -> 0.25980649 | L260: =IFERROR((SUM('Base de donnée'!$AG20:AL20)-SUM('Base de donnée'!$AG19:AL19))/SUM('Base de donnée'!$AG19:AL19),"") -> 0.21228727 | M260: =IFERROR((SUM('Base de donnée'!$AG20:AM20)-SUM('Base de donnée'!$AG19:AM19))/SUM('Base de donnée'!$AG19:AM19),"") -> 0.17641295 | N260: =IFERROR((SUM('Base de donnée'!$AG20:AN20)-SUM('Base de donnée'!$AG19:AN19))/SUM('Base de donnée'!$AG19:AN19),"") | ... R260: =IFERROR((SUM('Base de donnée'!$AG20:AR20)-SUM('Base de donnée'!$AG19:AR19))/SUM('Base de donnée'!$AG19:AR19),"")
F261: ACM | G261: =IFERROR((SUM('Base de donnée'!$AG20:AG20,'Base de donnée'!AH19:$AR19)-SUM('Base de donnée'!$AG19:AG19,'Base de donnée'!AH18:$AR18))/SUM('Base de donnée'!$AG19:AG19,'Base de donnée'!AH18:$AR18),"") -> 0.12257462 | H261: =IFERROR((SUM('Base de donnée'!$AG20:AH20,'Base de donnée'!AI19:$AR19)-SUM('Base de donnée'!$AG19:AH19,'Base de donnée'!AI18:$AR18))/SUM('Base de donnée'!$AG19:AH19,'Base de donnée'!AI18:$AR18),"") -> 0.15178176 | I261: =IFERROR((SUM('Base de donnée'!$AG20:AI20,'Base de donnée'!AJ19:$AR19)-SUM('Base de donnée'!$AG19:AI19,'Base de donnée'!AJ18:$AR18))/SUM('Base de donnée'!$AG19:AI19,'Base de donnée'!AJ18:$AR18),"") -> 0.18387316 | J261: =IFERROR((SUM('Base de donnée'!$AG20:AJ20,'Base de donnée'!AK19:$AR19)-SUM('Base de donnée'!$AG19:AJ19,'Base de donnée'!AK18:$AR18))/SUM('Base de donnée'!$AG19:AJ19,'Base de donnée'!AK18:$AR18),"") -> 0.20408155 | K261: =IFERROR((SUM('Base de donnée'!$AG20:AK20,'Base de donnée'!AL19:$AR19)-SUM('Base de donnée'!$AG19:AK19,'Base de donnée'!AL18:$AR18))/SUM('Base de donnée'!$AG19:AK19,'Base de donnée'!AL18:$AR18),"") -> 0.20726789 | L261: =IFERROR((SUM('Base de donnée'!$AG20:AL20,'Base de donnée'!AM19:$AR19)-SUM('Base de donnée'!$AG19:AL19,'Base de donnée'!AM18:$AR18))/SUM('Base de donnée'!$AG19:AL19,'Base de donnée'!AM18:$AR18),"") -> 0.1993837 | M261: =IFERROR((SUM('Base de donnée'!$AG20:AM20,'Base de donnée'!AN19:$AR19)-SUM('Base de donnée'!$AG19:AM19,'Base de donnée'!AN18:$AR18))/SUM('Base de donnée'!$AG19:AM19,'Base de donnée'!AN18:$AR18),"") -> 0.18889985 | N261: =IFERROR((SUM('Base de donnée'!$AG20:AN20,'Base de donnée'!AO19:$AR19)-SUM('Base de donnée'!$AG19:AN19,'Base de donnée'!AO18:$AR18))/SUM('Base de donnée'!$AG19:AN19,'Base de donnée'!AO18:$AR18),"") | ... Q261: =IFERROR((SUM('Base de donnée'!$AG20:AQ20,'Base de donnée'!AR19:$AR19)-SUM('Base de donnée'!$AG19:AQ19,'Base de donnée'!AR18:$AR18))/SUM('Base de donnée'!$AG19:AQ19,'Base de donnée'!AR18:$AR18),"") | R261: =IFERROR((SUM('Base de donnée'!$AG20:AR20,'Base de donnée'!$AR19:AS19)-SUM('Base de donnée'!$AG19:AR19,'Base de donnée'!$AR18:AS18))/SUM('Base de donnée'!$AG19:AR19,'Base de donnée'!$AR18:AS18),"")
F267: Dispersion des caisses selon la part des visites à l'accueil en moins de 20 minutes
R304: 3
F309: GERER LES CONTACTS TELEPHONIQUES
F312: Evolution du nombre d'appels téléphoniques aboutis (en millions)
G341: Janvier | H341: Février | I341: Mars | J341: Avril | K341: Mai | L341: Juin | M341: Juillet | N341: Août | O341: Septembre | P341: Octobre | Q341: Novembre | R341: Décembre
F342: ="Evo"&'Base de donnée'!AD250 & "/" & 'Base de donnée'!AD252 -> Evo/ | G342: =IFERROR(('Base de donnée'!AG38-'Base de donnée'!AG37)/'Base de donnée'!AG37,"") -> -0.06097245 | H342: =IFERROR(('Base de donnée'!AH38-'Base de donnée'!AH37)/'Base de donnée'!AH37,"") -> -0.075165715 | I342: =IFERROR(('Base de donnée'!AI38-'Base de donnée'!AI37)/'Base de donnée'!AI37,"") -> 0.20699185 | J342: =IFERROR(('Base de donnée'!AJ38-'Base de donnée'!AJ37)/'Base de donnée'!AJ37,"") -> 0.1875215 | K342: =IFERROR(('Base de donnée'!AK38-'Base de donnée'!AK37)/'Base de donnée'!AK37,"") -> 0.060836044 | L342: =IFERROR(('Base de donnée'!AL38-'Base de donnée'!AL37)/'Base de donnée'!AL37,"") -> 0.13930199 | M342: =IFERROR(('Base de donnée'!AM38-'Base de donnée'!AM37)/'Base de donnée'!AM37,"") -> -0.026257877 | N342: =IFERROR(('Base de donnée'!AN38-'Base de donnée'!AN37)/'Base de donnée'!AN37,"") | ... R342: =IFERROR(('Base de donnée'!AR38-'Base de donnée'!AR37)/'Base de donnée'!AR37,"")
F343: PCAP | G343: =IFERROR((SUM('Base de donnée'!$AG38:AG38)-SUM('Base de donnée'!$AG37:AG37))/SUM('Base de donnée'!$AG37:AG37),"") -> -0.06097245 | H343: =IFERROR((SUM('Base de donnée'!$AG38:AH38)-SUM('Base de donnée'!$AG37:AH37))/SUM('Base de donnée'!$AG37:AH37),"") -> -0.06819387 | I343: =IFERROR((SUM('Base de donnée'!$AG38:AI38)-SUM('Base de donnée'!$AG37:AI37))/SUM('Base de donnée'!$AG37:AI37),"") -> 0.015552834 | J343: =IFERROR((SUM('Base de donnée'!$AG38:AJ38)-SUM('Base de donnée'!$AG37:AJ37))/SUM('Base de donnée'!$AG37:AJ37),"") -> 0.050747004 | K343: =IFERROR((SUM('Base de donnée'!$AG38:AK38)-SUM('Base de donnée'!$AG37:AK37))/SUM('Base de donnée'!$AG37:AK37),"") -> 0.052392225 | L343: =IFERROR((SUM('Base de donnée'!$AG38:AL38)-SUM('Base de donnée'!$AG37:AL37))/SUM('Base de donnée'!$AG37:AL37),"") -> 0.064624214 | M343: =IFERROR((SUM('Base de donnée'!$AG38:AM38)-SUM('Base de donnée'!$AG37:AM37))/SUM('Base de donnée'!$AG37:AM37),"") -> 0.051502394 | N343: =IFERROR((SUM('Base de donnée'!$AG38:AN38)-SUM('Base de donnée'!$AG37:AN37))/SUM('Base de donnée'!$AG37:AN37),"") | ... R343: =IFERROR((SUM('Base de donnée'!$AG38:AR38)-SUM('Base de donnée'!$AG37:AR37))/SUM('Base de donnée'!$AG37:AR37),"")
F344: ACM | G344: =IFERROR((SUM('Base de donnée'!$AG38:AG38,'Base de donnée'!AH37:$AR37)-SUM('Base de donnée'!$AG37:AG37,'Base de donnée'!AH36:$AR36))/SUM('Base de donnée'!$AG37:AG37,'Base de donnée'!AH36:$AR36),"") -> 0.055037179 | H344: =IFERROR((SUM('Base de donnée'!$AG38:AH38,'Base de donnée'!AI37:$AR37)-SUM('Base de donnée'!$AG37:AH37,'Base de donnée'!AI36:$AR36))/SUM('Base de donnée'!$AG37:AH37,'Base de donnée'!AI36:$AR36),"") -> 0.049975045 | I344: =IFERROR((SUM('Base de donnée'!$AG38:AI38,'Base de donnée'!AJ37:$AR37)-SUM('Base de donnée'!$AG37:AI37,'Base de donnée'!AJ36:$AR36))/SUM('Base de donnée'!$AG37:AI37,'Base de donnée'!AJ36:$AR36),"") -> 0.073713381 | J344: =IFERROR((SUM('Base de donnée'!$AG38:AJ38,'Base de donnée'!AK37:$AR37)-SUM('Base de donnée'!$AG37:AJ37,'Base de donnée'!AK36:$AR36))/SUM('Base de donnée'!$AG37:AJ37,'Base de donnée'!AK36:$AR36),"") -> 0.094001672 | K344: =IFERROR((SUM('Base de donnée'!$AG38:AK38,'Base de donnée'!AL37:$AR37)-SUM('Base de donnée'!$AG37:AK37,'Base de donnée'!AL36:$AR36))/SUM('Base de donnée'!$AG37:AK37,'Base de donnée'!AL36:$AR36),"") -> 0.10361773 | L344: =IFERROR((SUM('Base de donnée'!$AG38:AL38,'Base de donnée'!AM37:$AR37)-SUM('Base de donnée'!$AG37:AL37,'Base de donnée'!AM36:$AR36))/SUM('Base de donnée'!$AG37:AL37,'Base de donnée'!AM36:$AR36),"") -> 0.10616884 | M344: =IFERROR((SUM('Base de donnée'!$AG38:AM38,'Base de donnée'!AN37:$AR37)-SUM('Base de donnée'!$AG37:AM37,'Base de donnée'!AN36:$AR36))/SUM('Base de donnée'!$AG37:AM37,'Base de donnée'!AN36:$AR36),"") -> 0.090319544 | N344: =IFERROR((SUM('Base de donnée'!$AG38:AN38,'Base de donnée'!AO37:$AR37)-SUM('Base de donnée'!$AG37:AN37,'Base de donnée'!AO36:$AR36))/SUM('Base de donnée'!$AG37:AN37,'Base de donnée'!AO36:$AR36),"") | ... Q344: =IFERROR((SUM('Base de donnée'!$AG38:AQ38,'Base de donnée'!AR37:$AR37)-SUM('Base de donnée'!$AG37:AQ37,'Base de donnée'!AR36:$AR36))/SUM('Base de donnée'!$AG37:AQ37,'Base de donnée'!AR36:$AR36),"") | R344: =IFERROR((SUM('Base de donnée'!$AG38:AR38,'Base de donnée'!$AR37:AS37)-SUM('Base de donnée'!$AG37:AR37,'Base de donnée'!$AR36:AS36))/SUM('Base de donnée'!$AG37:AR37,'Base de donnée'!$AR36:AS36),"")
D355: Evolution du taux d'appels téléphoniques traités
G389: Janvier | H389: Février | I389: Mars | J389: Avril | K389: Mai | L389: Juin | M389: Juillet | N389: Août | O389: Septembre | P389: Octobre | Q389: Novembre | R389: Décembre
F390: ="Evo"&'Base de donnée'!AD298 & "/" & 'Base de donnée'!AD300 -> Evo/ | G390: =IFERROR(('Base de donnée'!AG62-'Base de donnée'!AG61)/'Base de donnée'!AG61,"") -> -0.019889513 | H390: =IFERROR(('Base de donnée'!AH62-'Base de donnée'!AH61)/'Base de donnée'!AH61,"") -> -0.014189196 | I390: =IFERROR(('Base de donnée'!AI62-'Base de donnée'!AI61)/'Base de donnée'!AI61,"") -> -0.013079188 | J390: =IFERROR(('Base de donnée'!AJ62-'Base de donnée'!AJ61)/'Base de donnée'!AJ61,"") -> -0.042608743 | K390: =IFERROR(('Base de donnée'!AK62-'Base de donnée'!AK61)/'Base de donnée'!AK61,"") -> -0.027373819 | L390: =IFERROR(('Base de donnée'!AL62-'Base de donnée'!AL61)/'Base de donnée'!AL61,"") -> -0.0064934012 | M390: =IFERROR(('Base de donnée'!AM62-'Base de donnée'!AM61)/'Base de donnée'!AM61,"") -> -0.026837746 | N390: =IFERROR(('Base de donnée'!AN62-'Base de donnée'!AN61)/'Base de donnée'!AN61,"") | ... R390: =IFERROR(('Base de donnée'!AR62-'Base de donnée'!AR61)/'Base de donnée'!AR61,"")
F391: PCAP | G391: =IFERROR((SUM('Base de donnée'!$AG62:AG62)-SUM('Base de donnée'!$AG61:AG61))/SUM('Base de donnée'!$AG61:AG61),"") -> -0.019889513 | H391: =IFERROR((SUM('Base de donnée'!$AG62:AH62)-SUM('Base de donnée'!$AG61:AH61))/SUM('Base de donnée'!$AG61:AH61),"") -> -0.01707201 | I391: =IFERROR((SUM('Base de donnée'!$AG62:AI62)-SUM('Base de donnée'!$AG61:AI61))/SUM('Base de donnée'!$AG61:AI61),"") -> -0.015738734 | J391: =IFERROR((SUM('Base de donnée'!$AG62:AJ62)-SUM('Base de donnée'!$AG61:AJ61))/SUM('Base de donnée'!$AG61:AJ61),"") -> -0.022539494 | K391: =IFERROR((SUM('Base de donnée'!$AG62:AK62)-SUM('Base de donnée'!$AG61:AK61))/SUM('Base de donnée'!$AG61:AK61),"") -> -0.023506432 | L391: =IFERROR((SUM('Base de donnée'!$AG62:AL62)-SUM('Base de donnée'!$AG61:AL61))/SUM('Base de donnée'!$AG61:AL61),"") -> -0.020726699 | M391: =IFERROR((SUM('Base de donnée'!$AG62:AM62)-SUM('Base de donnée'!$AG61:AM61))/SUM('Base de donnée'!$AG61:AM61),"") -> -0.021577252 | N391: =IFERROR((SUM('Base de donnée'!$AG62:AN62)-SUM('Base de donnée'!$AG61:AN61))/SUM('Base de donnée'!$AG61:AN61),"") | ... R391: =IFERROR((SUM('Base de donnée'!$AG62:AR62)-SUM('Base de donnée'!$AG61:AR61))/SUM('Base de donnée'!$AG61:AR61),"")
F392: ACM | G392: =IFERROR((SUM('Base de donnée'!$AG62:AG62,'Base de donnée'!AH61:$AR61)-SUM('Base de donnée'!$AG61:AG61,'Base de donnée'!AH60:$AR60))/SUM('Base de donnée'!$AG61:AG61,'Base de donnée'!AH60:$AR60),"") -> 0.034094021 | H392: =IFERROR((SUM('Base de donnée'!$AG62:AH62,'Base de donnée'!AI61:$AR61)-SUM('Base de donnée'!$AG61:AH61,'Base de donnée'!AI60:$AR60))/SUM('Base de donnée'!$AG61:AH61,'Base de donnée'!AI60:$AR60),"") -> 0.015537456 | I392: =IFERROR((SUM('Base de donnée'!$AG62:AI62,'Base de donnée'!AJ61:$AR61)-SUM('Base de donnée'!$AG61:AI61,'Base de donnée'!AJ60:$AR60))/SUM('Base de donnée'!$AG61:AI61,'Base de donnée'!AJ60:$AR60),"") -> 0.00033918555 | J392: =IFERROR((SUM('Base de donnée'!$AG62:AJ62,'Base de donnée'!AK61:$AR61)-SUM('Base de donnée'!$AG61:AJ61,'Base de donnée'!AK60:$AR60))/SUM('Base de donnée'!$AG61:AJ61,'Base de donnée'!AK60:$AR60),"") -> -0.012779092 | K392: =IFERROR((SUM('Base de donnée'!$AG62:AK62,'Base de donnée'!AL61:$AR61)-SUM('Base de donnée'!$AG61:AK61,'Base de donnée'!AL60:$AR60))/SUM('Base de donnée'!$AG61:AK61,'Base de donnée'!AL60:$AR60),"") -> -0.023028897 | L392: =IFERROR((SUM('Base de donnée'!$AG62:AL62,'Base de donnée'!AM61:$AR61)-SUM('Base de donnée'!$AG61:AL61,'Base de donnée'!AM60:$AR60))/SUM('Base de donnée'!$AG61:AL61,'Base de donnée'!AM60:$AR60),"") -> -0.025551257 | M392: =IFERROR((SUM('Base de donnée'!$AG62:AM62,'Base de donnée'!AN61:$AR61)-SUM('Base de donnée'!$AG61:AM61,'Base de donnée'!AN60:$AR60))/SUM('Base de donnée'!$AG61:AM61,'Base de donnée'!AN60:$AR60),"") -> -0.02445267 | N392: =IFERROR((SUM('Base de donnée'!$AG62:AN62,'Base de donnée'!AO61:$AR61)-SUM('Base de donnée'!$AG61:AN61,'Base de donnée'!AO60:$AR60))/SUM('Base de donnée'!$AG61:AN61,'Base de donnée'!AO60:$AR60),"") | ... Q392: =IFERROR((SUM('Base de donnée'!$AG62:AQ62,'Base de donnée'!AR61:$AR61)-SUM('Base de donnée'!$AG61:AQ61,'Base de donnée'!AR60:$AR60))/SUM('Base de donnée'!$AG61:AQ61,'Base de donnée'!AR60:$AR60),"") | R392: =IFERROR((SUM('Base de donnée'!$AG62:AR62,'Base de donnée'!$AR61:AS61)-SUM('Base de donnée'!$AG61:AR61,'Base de donnée'!$AR60:AS60))/SUM('Base de donnée'!$AG61:AR61,'Base de donnée'!$AR60:AS60),"")
E401: Dispersion des caisses selon la part des appels traités
R434: 4
E443: Le taux d'appels traités par les agents
G472: Janvier | H472: Février | I472: Mars | J472: Avril | K472: Mai | L472: Juin | M472: Juillet | N472: Août | O472: Septembre | P472: Octobre | Q472: Novembre | R472: Décembre
F473: ="Evo"&'Base de donnée'!AD377 & "/" & 'Base de donnée'!AD379 -> Evo/ | G473: =IFERROR(('Base de donnée'!AG68-'Base de donnée'!AG67)/'Base de donnée'!AG67,"") -> 0.01967296 | H473: =IFERROR(('Base de donnée'!AH68-'Base de donnée'!AH67)/'Base de donnée'!AH67,"") -> 0.037279098 | I473: =IFERROR(('Base de donnée'!AI68-'Base de donnée'!AI67)/'Base de donnée'!AI67,"") -> 0.023813769 | J473: =IFERROR(('Base de donnée'!AJ68-'Base de donnée'!AJ67)/'Base de donnée'!AJ67,"") -> -0.033542417 | K473: =IFERROR(('Base de donnée'!AK68-'Base de donnée'!AK67)/'Base de donnée'!AK67,"") -> 0.00010641745 | L473: =IFERROR(('Base de donnée'!AL68-'Base de donnée'!AL67)/'Base de donnée'!AL67,"") -> 0.0110191 | M473: =IFERROR(('Base de donnée'!AM68-'Base de donnée'!AM67)/'Base de donnée'!AM67,"") -> -0.087512491 | N473: =IFERROR(('Base de donnée'!AN68-'Base de donnée'!AN67)/'Base de donnée'!AN67,"") | ... R473: =IFERROR(('Base de donnée'!AR68-'Base de donnée'!AR67)/'Base de donnée'!AR67,"")
F474: PCAP | G474: =IFERROR((SUM('Base de donnée'!$AG68:AG68)-SUM('Base de donnée'!$AG67:AG67))/SUM('Base de donnée'!$AG67:AG67),"") -> 0.01967296 | H474: =IFERROR((SUM('Base de donnée'!$AG68:AH68)-SUM('Base de donnée'!$AG67:AH67))/SUM('Base de donnée'!$AG67:AH67),"") -> 0.028261043 | I474: =IFERROR((SUM('Base de donnée'!$AG68:AI68)-SUM('Base de donnée'!$AG67:AI67))/SUM('Base de donnée'!$AG67:AI67),"") -> 0.026772431 | J474: =IFERROR((SUM('Base de donnée'!$AG68:AJ68)-SUM('Base de donnée'!$AG67:AJ67))/SUM('Base de donnée'!$AG67:AJ67),"") -> 0.01134191 | K474: =IFERROR((SUM('Base de donnée'!$AG68:AK68)-SUM('Base de donnée'!$AG67:AK67))/SUM('Base de donnée'!$AG67:AK67),"") -> 0.0090965374 | L474: =IFERROR((SUM('Base de donnée'!$AG68:AL68)-SUM('Base de donnée'!$AG67:AL67))/SUM('Base de donnée'!$AG67:AL67),"") -> 0.0094182455 | M474: =IFERROR((SUM('Base de donnée'!$AG68:AM68)-SUM('Base de donnée'!$AG67:AM67))/SUM('Base de donnée'!$AG67:AM67),"") -> -0.0052197865 | N474: =IFERROR((SUM('Base de donnée'!$AG68:AN68)-SUM('Base de donnée'!$AG67:AN67))/SUM('Base de donnée'!$AG67:AN67),"") | ... R474: =IFERROR((SUM('Base de donnée'!$AG68:AR68)-SUM('Base de donnée'!$AG67:AR67))/SUM('Base de donnée'!$AG67:AR67),"")
F475: ACM | G475: =IFERROR((SUM('Base de donnée'!$AG62:AG62,'Base de donnée'!AH61:$AR61)-SUM('Base de donnée'!$AG61:AG61,'Base de donnée'!AH60:$AR60))/SUM('Base de donnée'!$AG61:AG61,'Base de donnée'!AH60:$AR60),"") -> 0.034094021 | H475: =IFERROR((SUM('Base de donnée'!$AG62:AH62,'Base de donnée'!AI61:$AR61)-SUM('Base de donnée'!$AG61:AH61,'Base de donnée'!AI60:$AR60))/SUM('Base de donnée'!$AG61:AH61,'Base de donnée'!AI60:$AR60),"") -> 0.015537456 | I475: =IFERROR((SUM('Base de donnée'!$AG62:AI62,'Base de donnée'!AJ61:$AR61)-SUM('Base de donnée'!$AG61:AI61,'Base de donnée'!AJ60:$AR60))/SUM('Base de donnée'!$AG61:AI61,'Base de donnée'!AJ60:$AR60),"") -> 0.00033918555 | J475: =IFERROR((SUM('Base de donnée'!$AG62:AJ62,'Base de donnée'!AK61:$AR61)-SUM('Base de donnée'!$AG61:AJ61,'Base de donnée'!AK60:$AR60))/SUM('Base de donnée'!$AG61:AJ61,'Base de donnée'!AK60:$AR60),"") -> -0.012779092 | K475: =IFERROR((SUM('Base de donnée'!$AG62:AK62,'Base de donnée'!AL61:$AR61)-SUM('Base de donnée'!$AG61:AK61,'Base de donnée'!AL60:$AR60))/SUM('Base de donnée'!$AG61:AK61,'Base de donnée'!AL60:$AR60),"") -> -0.023028897 | L475: =IFERROR((SUM('Base de donnée'!$AG62:AL62,'Base de donnée'!AM61:$AR61)-SUM('Base de donnée'!$AG61:AL61,'Base de donnée'!AM60:$AR60))/SUM('Base de donnée'!$AG61:AL61,'Base de donnée'!AM60:$AR60),"") -> -0.025551257 | M475: =IFERROR((SUM('Base de donnée'!$AG62:AM62,'Base de donnée'!AN61:$AR61)-SUM('Base de donnée'!$AG61:AM61,'Base de donnée'!AN60:$AR60))/SUM('Base de donnée'!$AG61:AM61,'Base de donnée'!AN60:$AR60),"") -> -0.02445267 | N475: =IFERROR((SUM('Base de donnée'!$AG62:AN62,'Base de donnée'!AO61:$AR61)-SUM('Base de donnée'!$AG61:AN61,'Base de donnée'!AO60:$AR60))/SUM('Base de donnée'!$AG61:AN61,'Base de donnée'!AO60:$AR60),"") | ... Q475: =IFERROR((SUM('Base de donnée'!$AG62:AQ62,'Base de donnée'!AR61:$AR61)-SUM('Base de donnée'!$AG61:AQ61,'Base de donnée'!AR60:$AR60))/SUM('Base de donnée'!$AG61:AQ61,'Base de donnée'!AR60:$AR60),"") | R475: =IFERROR((SUM('Base de donnée'!$AG62:AR62,'Base de donnée'!$AR61:AS61)-SUM('Base de donnée'!$AG61:AR61,'Base de donnée'!$AR60:AS60))/SUM('Base de donnée'!$AG61:AR61,'Base de donnée'!$AR60:AS60),"")
F482: Dispersion des caisses selon la part des appels traités par les agents
R566: 5
F571: GERER LES COURRIERS ENTRANTS
F575: Nombre de courriers arrivés (en millions)
G611: Janvier | H611: Février | I611: Mars | J611: Avril | K611: Mai | L611: Juin | M611: Juillet | N611: Août | O611: Septembre | P611: Octobre | Q611: Novembre | R611: Décembre
F612: ="Evo"&'Base de donnée'!AD513 & "/" & 'Base de donnée'!AD515 -> Evo/ | G612: =IFERROR(('Base de donnée'!AG44-'Base de donnée'!AG43)/'Base de donnée'!AG43,"") -> 0.0068534902 | H612: =IFERROR(('Base de donnée'!AH44-'Base de donnée'!AH43)/'Base de donnée'!AH43,"") -> -0.03095434 | I612: =IFERROR(('Base de donnée'!AI44-'Base de donnée'!AI43)/'Base de donnée'!AI43,"") -> 0.20941251 | J612: =IFERROR(('Base de donnée'!AJ44-'Base de donnée'!AJ43)/'Base de donnée'!AJ43,"") -> 0.096621386 | K612: =IFERROR(('Base de donnée'!AK44-'Base de donnée'!AK43)/'Base de donnée'!AK43,"") -> 0.083172824 | L612: =IFERROR(('Base de donnée'!AL44-'Base de donnée'!AL43)/'Base de donnée'!AL43,"") -> 0.21980413 | M612: =IFERROR(('Base de donnée'!AM44-'Base de donnée'!AM43)/'Base de donnée'!AM43,"") -> 0.18431741 | N612: =IFERROR(('Base de donnée'!AN44-'Base de donnée'!AN43)/'Base de donnée'!AN43,"") | ... R612: =IFERROR(('Base de donnée'!AR44-'Base de donnée'!AR43)/'Base de donnée'!AR43,"")
F613: PCAP | G613: =IFERROR((SUM('Base de donnée'!$AG44:AG44)-SUM('Base de donnée'!$AG43:AG43))/SUM('Base de donnée'!$AG43:AG43),"") -> 0.0068534902 | H613: =IFERROR((SUM('Base de donnée'!$AG44:AH44)-SUM('Base de donnée'!$AG43:AH43))/SUM('Base de donnée'!$AG43:AH43),"") -> -0.0099616718 | I613: =IFERROR((SUM('Base de donnée'!$AG44:AI44)-SUM('Base de donnée'!$AG43:AI43))/SUM('Base de donnée'!$AG43:AI43),"") -> 0.053324916 | J613: =IFERROR((SUM('Base de donnée'!$AG44:AJ44)-SUM('Base de donnée'!$AG43:AJ43))/SUM('Base de donnée'!$AG43:AJ43),"") -> 0.06280375 | K613: =IFERROR((SUM('Base de donnée'!$AG44:AK44)-SUM('Base de donnée'!$AG43:AK43))/SUM('Base de donnée'!$AG43:AK43),"") -> 0.066244164 | L613: =IFERROR((SUM('Base de donnée'!$AG44:AL44)-SUM('Base de donnée'!$AG43:AL43))/SUM('Base de donnée'!$AG43:AL43),"") -> 0.089942761 | M613: =IFERROR((SUM('Base de donnée'!$AG44:AM44)-SUM('Base de donnée'!$AG43:AM43))/SUM('Base de donnée'!$AG43:AM43),"") -> 0.10321364 | N613: =IFERROR((SUM('Base de donnée'!$AG44:AN44)-SUM('Base de donnée'!$AG43:AN43))/SUM('Base de donnée'!$AG43:AN43),"") | ... R613: =IFERROR((SUM('Base de donnée'!$AG44:AR44)-SUM('Base de donnée'!$AG43:AR43))/SUM('Base de donnée'!$AG43:AR43),"")
F614: ACM | G614: =IFERROR((SUM('Base de donnée'!$AG44:AG44,'Base de donnée'!AH43:$AR43)-SUM('Base de donnée'!$AG43:AG43,'Base de donnée'!AH42:$AR42))/SUM('Base de donnée'!$AG43:AG43,'Base de donnée'!AH42:$AR42),"") -> -0.0065645109 | H614: =IFERROR((SUM('Base de donnée'!$AG44:AH44,'Base de donnée'!AI43:$AR43)-SUM('Base de donnée'!$AG43:AH43,'Base de donnée'!AI42:$AR42))/SUM('Base de donnée'!$AG43:AH43,'Base de donnée'!AI42:$AR42),"") -> -0.0043234913 | I614: =IFERROR((SUM('Base de donnée'!$AG44:AI44,'Base de donnée'!AJ43:$AR43)-SUM('Base de donnée'!$AG43:AI43,'Base de donnée'!AJ42:$AR42))/SUM('Base de donnée'!$AG43:AI43,'Base de donnée'!AJ42:$AR42),"") -> 0.015502281 | J614: =IFERROR((SUM('Base de donnée'!$AG44:AJ44,'Base de donnée'!AK43:$AR43)-SUM('Base de donnée'!$AG43:AJ43,'Base de donnée'!AK42:$AR42))/SUM('Base de donnée'!$AG43:AJ43,'Base de donnée'!AK42:$AR42),"") -> 0.023977402 | K614: =IFERROR((SUM('Base de donnée'!$AG44:AK44,'Base de donnée'!AL43:$AR43)-SUM('Base de donnée'!$AG43:AK43,'Base de donnée'!AL42:$AR42))/SUM('Base de donnée'!$AG43:AK43,'Base de donnée'!AL42:$AR42),"") -> 0.038075292 | L614: =IFERROR((SUM('Base de donnée'!$AG44:AL44,'Base de donnée'!AM43:$AR43)-SUM('Base de donnée'!$AG43:AL43,'Base de donnée'!AM42:$AR42))/SUM('Base de donnée'!$AG43:AL43,'Base de donnée'!AM42:$AR42),"") -> 0.06162648 | M614: =IFERROR((SUM('Base de donnée'!$AG44:AM44,'Base de donnée'!AN43:$AR43)-SUM('Base de donnée'!$AG43:AM43,'Base de donnée'!AN42:$AR42))/SUM('Base de donnée'!$AG43:AM43,'Base de donnée'!AN42:$AR42),"") -> 0.078907378 | N614: =IFERROR((SUM('Base de donnée'!$AG44:AN44,'Base de donnée'!AO43:$AR43)-SUM('Base de donnée'!$AG43:AN43,'Base de donnée'!AO42:$AR42))/SUM('Base de donnée'!$AG43:AN43,'Base de donnée'!AO42:$AR42),"") | ... Q614: =IFERROR((SUM('Base de donnée'!$AG44:AQ44,'Base de donnée'!AR43:$AR43)-SUM('Base de donnée'!$AG43:AQ43,'Base de donnée'!AR42:$AR42))/SUM('Base de donnée'!$AG43:AQ43,'Base de donnée'!AR42:$AR42),"") | R614: =IFERROR((SUM('Base de donnée'!$AG44:AR44,'Base de donnée'!$AR43:AS43)-SUM('Base de donnée'!$AG43:AR43,'Base de donnée'!$AR42:AS42))/SUM('Base de donnée'!$AG43:AR43,'Base de donnée'!$AR42:AS42),"")
F621: Nombre de pièces arrivés (en millions)
G652: Janvier | H652: Février | I652: Mars | J652: Avril | K652: Mai | L652: Juin | M652: Juillet | N652: Août | O652: Septembre | P652: Octobre | Q652: Novembre | R652: Décembre
F653: ="Evo"&'Base de donnée'!AD554 & "/" & 'Base de donnée'!AD556 -> Evo/ | G653: =IFERROR(('Base de donnée'!AG50-'Base de donnée'!AG49)/'Base de donnée'!AG49,"") -> 0.0074442175 | H653: =IFERROR(('Base de donnée'!AH50-'Base de donnée'!AH49)/'Base de donnée'!AH49,"") -> -0.0072568265 | I653: =IFERROR(('Base de donnée'!AI50-'Base de donnée'!AI49)/'Base de donnée'!AI49,"") -> 0.26004015 | J653: =IFERROR(('Base de donnée'!AJ50-'Base de donnée'!AJ49)/'Base de donnée'!AJ49,"") -> 0.11440776 | K653: =IFERROR(('Base de donnée'!AK50-'Base de donnée'!AK49)/'Base de donnée'!AK49,"") -> 0.068534289 | L653: =IFERROR(('Base de donnée'!AL50-'Base de donnée'!AL49)/'Base de donnée'!AL49,"") -> 0.23120058 | M653: =IFERROR(('Base de donnée'!AM50-'Base de donnée'!AM49)/'Base de donnée'!AM49,"") -> 0.22248979 | N653: =IFERROR(('Base de donnée'!AN50-'Base de donnée'!AN49)/'Base de donnée'!AN49,"") | ... R653: =IFERROR(('Base de donnée'!AR50-'Base de donnée'!AR49)/'Base de donnée'!AR49,"")
F654: PCAP | G654: =IFERROR((SUM('Base de donnée'!$AG50:AG50)-SUM('Base de donnée'!$AG49:AG49))/SUM('Base de donnée'!$AG49:AG49),"") -> 0.0074442175 | H654: =IFERROR((SUM('Base de donnée'!$AG50:AH50)-SUM('Base de donnée'!$AG49:AH49))/SUM('Base de donnée'!$AG49:AH49),"") -> 0.00071347944 | I654: =IFERROR((SUM('Base de donnée'!$AG50:AI50)-SUM('Base de donnée'!$AG49:AI49))/SUM('Base de donnée'!$AG49:AI49),"") -> 0.076267701 | J654: =IFERROR((SUM('Base de donnée'!$AG50:AJ50)-SUM('Base de donnée'!$AG49:AJ49))/SUM('Base de donnée'!$AG49:AJ49),"") -> 0.084549354 | K654: =IFERROR((SUM('Base de donnée'!$AG50:AK50)-SUM('Base de donnée'!$AG49:AK49))/SUM('Base de donnée'!$AG49:AK49),"") -> 0.081840158 | L654: =IFERROR((SUM('Base de donnée'!$AG50:AL50)-SUM('Base de donnée'!$AG49:AL49))/SUM('Base de donnée'!$AG49:AL49),"") -> 0.10465798 | M654: =IFERROR((SUM('Base de donnée'!$AG50:AM50)-SUM('Base de donnée'!$AG49:AM49))/SUM('Base de donnée'!$AG49:AM49),"") -> 0.12058421 | N654: =IFERROR((SUM('Base de donnée'!$AG50:AN50)-SUM('Base de donnée'!$AG49:AN49))/SUM('Base de donnée'!$AG49:AN49),"") | ... R654: =IFERROR((SUM('Base de donnée'!$AG50:AR50)-SUM('Base de donnée'!$AG49:AR49))/SUM('Base de donnée'!$AG49:AR49),"")
F655: ACM | G655: =IFERROR((SUM('Base de donnée'!$AG50:AG50,'Base de donnée'!AH49:$AR49)-SUM('Base de donnée'!$AG49:AG49,'Base de donnée'!AH48:$AR48))/SUM('Base de donnée'!$AG49:AG49,'Base de donnée'!AH48:$AR48),"") -> -0.036880892 | H655: =IFERROR((SUM('Base de donnée'!$AG50:AH50,'Base de donnée'!AI49:$AR49)-SUM('Base de donnée'!$AG49:AH49,'Base de donnée'!AI48:$AR48))/SUM('Base de donnée'!$AG49:AH49,'Base de donnée'!AI48:$AR48),"") -> -0.030857977 | I655: =IFERROR((SUM('Base de donnée'!$AG50:AI50,'Base de donnée'!AJ49:$AR49)-SUM('Base de donnée'!$AG49:AI49,'Base de donnée'!AJ48:$AR48))/SUM('Base de donnée'!$AG49:AI49,'Base de donnée'!AJ48:$AR48),"") -> -0.0021633114 | J655: =IFERROR((SUM('Base de donnée'!$AG50:AJ50,'Base de donnée'!AK49:$AR49)-SUM('Base de donnée'!$AG49:AJ49,'Base de donnée'!AK48:$AR48))/SUM('Base de donnée'!$AG49:AJ49,'Base de donnée'!AK48:$AR48),"") -> 0.010398101 | K655: =IFERROR((SUM('Base de donnée'!$AG50:AK50,'Base de donnée'!AL49:$AR49)-SUM('Base de donnée'!$AG49:AK49,'Base de donnée'!AL48:$AR48))/SUM('Base de donnée'!$AG49:AK49,'Base de donnée'!AL48:$AR48),"") -> 0.028068855 | L655: =IFERROR((SUM('Base de donnée'!$AG50:AL50,'Base de donnée'!AM49:$AR49)-SUM('Base de donnée'!$AG49:AL49,'Base de donnée'!AM48:$AR48))/SUM('Base de donnée'!$AG49:AL49,'Base de donnée'!AM48:$AR48),"") -> 0.064510043 | M655: =IFERROR((SUM('Base de donnée'!$AG50:AM50,'Base de donnée'!AN49:$AR49)-SUM('Base de donnée'!$AG49:AM49,'Base de donnée'!AN48:$AR48))/SUM('Base de donnée'!$AG49:AM49,'Base de donnée'!AN48:$AR48),"") -> 0.093908288 | N655: =IFERROR((SUM('Base de donnée'!$AG50:AN50,'Base de donnée'!AO49:$AR49)-SUM('Base de donnée'!$AG49:AN49,'Base de donnée'!AO48:$AR48))/SUM('Base de donnée'!$AG49:AN49,'Base de donnée'!AO48:$AR48),"") | ... Q655: =IFERROR((SUM('Base de donnée'!$AG50:AQ50,'Base de donnée'!AR49:$AR49)-SUM('Base de donnée'!$AG49:AQ49,'Base de donnée'!AR48:$AR48))/SUM('Base de donnée'!$AG49:AQ49,'Base de donnée'!AR48:$AR48),"") | R655: =IFERROR((SUM('Base de donnée'!$AG50:AR50,'Base de donnée'!$AR49:AS49)-SUM('Base de donnée'!$AG49:AR49,'Base de donnée'!$AR48:AS48))/SUM('Base de donnée'!$AG49:AR49,'Base de donnée'!$AR48:AS48),"")
R697: 6
I699: TRAITER LES PRESTATIONS INDIVIDUELLES
F702: TRAITER LES PRESTATIONS LEGALES ET DELEGUEES
E705: Les pièces traitées en 15 jours ou moins
G740: Janvier | H740: Février | I740: Mars | J740: Avril | K740: Mai | L740: Juin | M740: Juillet | N740: Août | O740: Septembre | P740: Octobre | Q740: Novembre | R740: Décembre
F741: ="Evo"&'Base de donnée'!AD642 & "/" & 'Base de donnée'!AD644 -> Evo/ | G741: =IFERROR(('Base de donnée'!AG26-'Base de donnée'!AG25)/'Base de donnée'!AG25,"") -> 0.029901205 | H741: =IFERROR(('Base de donnée'!AH26-'Base de donnée'!AH25)/'Base de donnée'!AH25,"") -> 0.051135449 | I741: =IFERROR(('Base de donnée'!AI26-'Base de donnée'!AI25)/'Base de donnée'!AI25,"") -> 0.24909619 | J741: =IFERROR(('Base de donnée'!AJ26-'Base de donnée'!AJ25)/'Base de donnée'!AJ25,"") -> 0.0054316578 | K741: =IFERROR(('Base de donnée'!AK26-'Base de donnée'!AK25)/'Base de donnée'!AK25,"") -> -0.025229909 | L741: =IFERROR(('Base de donnée'!AL26-'Base de donnée'!AL25)/'Base de donnée'!AL25,"") -> -0.0038966589 | M741: =IFERROR(('Base de donnée'!AM26-'Base de donnée'!AM25)/'Base de donnée'!AM25,"") -> -0.004544863 | N741: =IFERROR(('Base de donnée'!AN26-'Base de donnée'!AN25)/'Base de donnée'!AN25,"") | ... R741: =IFERROR(('Base de donnée'!AR26-'Base de donnée'!AR25)/'Base de donnée'!AR25,"")
F742: PCAP | G742: =IFERROR((SUM('Base de donnée'!$AG26:AG26)-SUM('Base de donnée'!$AG25:AG25))/SUM('Base de donnée'!$AG25:AG25),"") -> 0.029901205 | H742: =IFERROR((SUM('Base de donnée'!$AG26:AH26)-SUM('Base de donnée'!$AG25:AH25))/SUM('Base de donnée'!$AG25:AH25),"") -> 0.039897812 | I742: =IFERROR((SUM('Base de donnée'!$AG26:AI26)-SUM('Base de donnée'!$AG25:AI25))/SUM('Base de donnée'!$AG25:AI25),"") -> 0.099579234 | J742: =IFERROR((SUM('Base de donnée'!$AG26:AJ26)-SUM('Base de donnée'!$AG25:AJ25))/SUM('Base de donnée'!$AG25:AJ25),"") -> 0.07316986 | K742: =IFERROR((SUM('Base de donnée'!$AG26:AK26)-SUM('Base de donnée'!$AG25:AK25))/SUM('Base de donnée'!$AG25:AK25),"") -> 0.051436516 | L742: =IFERROR((SUM('Base de donnée'!$AG26:AL26)-SUM('Base de donnée'!$AG25:AL25))/SUM('Base de donnée'!$AG25:AL25),"") -> 0.041418789 | M742: =IFERROR((SUM('Base de donnée'!$AG26:AM26)-SUM('Base de donnée'!$AG25:AM25))/SUM('Base de donnée'!$AG25:AM25),"") -> 0.034362532 | N742: =IFERROR((SUM('Base de donnée'!$AG26:AN26)-SUM('Base de donnée'!$AG25:AN25))/SUM('Base de donnée'!$AG25:AN25),"") | ... R742: =IFERROR((SUM('Base de donnée'!$AG26:AR26)-SUM('Base de donnée'!$AG25:AR25))/SUM('Base de donnée'!$AG25:AR25),"")
F743: ACM | G743: =IFERROR((SUM('Base de donnée'!$AG26:AG26,'Base de donnée'!AH25:$AR25)-SUM('Base de donnée'!$AG25:AG25,'Base de donnée'!AH24:$AR24))/SUM('Base de donnée'!$AG25:AG25,'Base de donnée'!AH24:$AR24),"") -> 0.24094218 | H743: =IFERROR((SUM('Base de donnée'!$AG26:AH26,'Base de donnée'!AI25:$AR25)-SUM('Base de donnée'!$AG25:AH25,'Base de donnée'!AI24:$AR24))/SUM('Base de donnée'!$AG25:AH25,'Base de donnée'!AI24:$AR24),"") -> 0.2301444 | I743: =IFERROR((SUM('Base de donnée'!$AG26:AI26,'Base de donnée'!AJ25:$AR25)-SUM('Base de donnée'!$AG25:AI25,'Base de donnée'!AJ24:$AR24))/SUM('Base de donnée'!$AG25:AI25,'Base de donnée'!AJ24:$AR24),"") -> 0.23905032 | J743: =IFERROR((SUM('Base de donnée'!$AG26:AJ26,'Base de donnée'!AK25:$AR25)-SUM('Base de donnée'!$AG25:AJ25,'Base de donnée'!AK24:$AR24))/SUM('Base de donnée'!$AG25:AJ25,'Base de donnée'!AK24:$AR24),"") -> 0.19431698 | K743: =IFERROR((SUM('Base de donnée'!$AG26:AK26,'Base de donnée'!AL25:$AR25)-SUM('Base de donnée'!$AG25:AK25,'Base de donnée'!AL24:$AR24))/SUM('Base de donnée'!$AG25:AK25,'Base de donnée'!AL24:$AR24),"") -> 0.1588185 | L743: =IFERROR((SUM('Base de donnée'!$AG26:AL26,'Base de donnée'!AM25:$AR25)-SUM('Base de donnée'!$AG25:AL25,'Base de donnée'!AM24:$AR24))/SUM('Base de donnée'!$AG25:AL25,'Base de donnée'!AM24:$AR24),"") -> 0.1453721 | M743: =IFERROR((SUM('Base de donnée'!$AG26:AM26,'Base de donnée'!AN25:$AR25)-SUM('Base de donnée'!$AG25:AM25,'Base de donnée'!AN24:$AR24))/SUM('Base de donnée'!$AG25:AM25,'Base de donnée'!AN24:$AR24),"") -> 0.14410095 | N743: =IFERROR((SUM('Base de donnée'!$AG26:AN26,'Base de donnée'!AO25:$AR25)-SUM('Base de donnée'!$AG25:AN25,'Base de donnée'!AO24:$AR24))/SUM('Base de donnée'!$AG25:AN25,'Base de donnée'!AO24:$AR24),"") | ... Q743: =IFERROR((SUM('Base de donnée'!$AG26:AQ26,'Base de donnée'!AR25:$AR25)-SUM('Base de donnée'!$AG25:AQ25,'Base de donnée'!AR24:$AR24))/SUM('Base de donnée'!$AG25:AQ25,'Base de donnée'!AR24:$AR24),"") | R743: =IFERROR((SUM('Base de donnée'!$AG26:AR26,'Base de donnée'!$AR25:AS25)-SUM('Base de donnée'!$AG25:AR25,'Base de donnée'!$AR24:AS24))/SUM('Base de donnée'!$AG25:AR25,'Base de donnée'!$AR24:AS24),"")
E750: Dispersion des caisses selon la part des pièces traitées en 15 jours ou moins
R828: 7
F832: GERER LES PRESTATIONS LIEES AUX MINIMA SOCIAUX
E837: Les pièces traitées en moins de 10 jours (minima sociaux)
G872: Janvier | H872: Février | I872: Mars | J872: Avril | K872: Mai | L872: Juin | M872: Juillet | N872: Août | O872: Septembre | P872: Octobre | Q872: Novembre | R872: Décembre
F873: ="Evo"&'Base de donnée'!AD774 & "/" & 'Base de donnée'!AD776 -> Evo/ | G873: =IFERROR(('Base de donnée'!AG32-'Base de donnée'!AG31)/'Base de donnée'!AG31,"") -> -0.0046180699 | H873: =IFERROR(('Base de donnée'!AH32-'Base de donnée'!AH31)/'Base de donnée'!AH31,"") -> -0.0018334345 | I873: =IFERROR(('Base de donnée'!AI32-'Base de donnée'!AI31)/'Base de donnée'!AI31,"") -> 0.002045287 | J873: =IFERROR(('Base de donnée'!AJ32-'Base de donnée'!AJ31)/'Base de donnée'!AJ31,"") -> 0.003546127 | K873: =IFERROR(('Base de donnée'!AK32-'Base de donnée'!AK31)/'Base de donnée'!AK31,"") -> 0.0024593818 | L873: =IFERROR(('Base de donnée'!AL32-'Base de donnée'!AL31)/'Base de donnée'!AL31,"") -> -0.007314872 | M873: =IFERROR(('Base de donnée'!AM32-'Base de donnée'!AM31)/'Base de donnée'!AM31,"") -> -0.0069330708 | N873: =IFERROR(('Base de donnée'!AN32-'Base de donnée'!AN31)/'Base de donnée'!AN31,"") | ... R873: =IFERROR(('Base de donnée'!AR32-'Base de donnée'!AR31)/'Base de donnée'!AR31,"")
F874: PCAP | G874: =IFERROR((SUM('Base de donnée'!$AG32:AG32)-SUM('Base de donnée'!$AG31:AG31))/SUM('Base de donnée'!$AG31:AG31),"") -> -0.0046180699 | H874: =IFERROR((SUM('Base de donnée'!$AG32:AH32)-SUM('Base de donnée'!$AG31:AH31))/SUM('Base de donnée'!$AG31:AH31),"") -> -0.0032268034 | I874: =IFERROR((SUM('Base de donnée'!$AG32:AI32)-SUM('Base de donnée'!$AG31:AI31))/SUM('Base de donnée'!$AG31:AI31),"") -> -0.0014709778 | J874: =IFERROR((SUM('Base de donnée'!$AG32:AJ32)-SUM('Base de donnée'!$AG31:AJ31))/SUM('Base de donnée'!$AG31:AJ31),"") -> -0.00021899815 | K874: =IFERROR((SUM('Base de donnée'!$AG32:AK32)-SUM('Base de donnée'!$AG31:AK31))/SUM('Base de donnée'!$AG31:AK31),"") -> 0.00031730475 | L874: =IFERROR((SUM('Base de donnée'!$AG32:AL32)-SUM('Base de donnée'!$AG31:AL31))/SUM('Base de donnée'!$AG31:AL31),"") -> -0.00096529342 | M874: =IFERROR((SUM('Base de donnée'!$AG32:AM32)-SUM('Base de donnée'!$AG31:AM31))/SUM('Base de donnée'!$AG31:AM31),"") -> -0.0018222455 | N874: =IFERROR((SUM('Base de donnée'!$AG32:AN32)-SUM('Base de donnée'!$AG31:AN31))/SUM('Base de donnée'!$AG31:AN31),"") | ... R874: =IFERROR((SUM('Base de donnée'!$AG32:AR32)-SUM('Base de donnée'!$AG31:AR31))/SUM('Base de donnée'!$AG31:AR31),"")
F875: ACM | G875: =IFERROR((SUM('Base de donnée'!$AG32:AG32,'Base de donnée'!AH31:$AR31)-SUM('Base de donnée'!$AG31:AG31,'Base de donnée'!AH30:$AR30))/SUM('Base de donnée'!$AG31:AG31,'Base de donnée'!AH30:$AR30),"") -> 0.094440877 | H875: =IFERROR((SUM('Base de donnée'!$AG32:AH32,'Base de donnée'!AI31:$AR31)-SUM('Base de donnée'!$AG31:AH31,'Base de donnée'!AI30:$AR30))/SUM('Base de donnée'!$AG31:AH31,'Base de donnée'!AI30:$AR30),"") -> 0.081960316 | I875: =IFERROR((SUM('Base de donnée'!$AG32:AI32,'Base de donnée'!AJ31:$AR31)-SUM('Base de donnée'!$AG31:AI31,'Base de donnée'!AJ30:$AR30))/SUM('Base de donnée'!$AG31:AI31,'Base de donnée'!AJ30:$AR30),"") -> 0.054114439 | J875: =IFERROR((SUM('Base de donnée'!$AG32:AJ32,'Base de donnée'!AK31:$AR31)-SUM('Base de donnée'!$AG31:AJ31,'Base de donnée'!AK30:$AR30))/SUM('Base de donnée'!$AG31:AJ31,'Base de donnée'!AK30:$AR30),"") -> 0.027161204 | K875: =IFERROR((SUM('Base de donnée'!$AG32:AK32,'Base de donnée'!AL31:$AR31)-SUM('Base de donnée'!$AG31:AK31,'Base de donnée'!AL30:$AR30))/SUM('Base de donnée'!$AG31:AK31,'Base de donnée'!AL30:$AR30),"") -> 0.012294938 | L875: =IFERROR((SUM('Base de donnée'!$AG32:AL32,'Base de donnée'!AM31:$AR31)-SUM('Base de donnée'!$AG31:AL31,'Base de donnée'!AM30:$AR30))/SUM('Base de donnée'!$AG31:AL31,'Base de donnée'!AM30:$AR30),"") -> 0.0098026889 | M875: =IFERROR((SUM('Base de donnée'!$AG32:AM32,'Base de donnée'!AN31:$AR31)-SUM('Base de donnée'!$AG31:AM31,'Base de donnée'!AN30:$AR30))/SUM('Base de donnée'!$AG31:AM31,'Base de donnée'!AN30:$AR30),"") -> 0.0087673749 | N875: =IFERROR((SUM('Base de donnée'!$AG32:AN32,'Base de donnée'!AO31:$AR31)-SUM('Base de donnée'!$AG31:AN31,'Base de donnée'!AO30:$AR30))/SUM('Base de donnée'!$AG31:AN31,'Base de donnée'!AO30:$AR30),"") | ... Q875: =IFERROR((SUM('Base de donnée'!$AG32:AQ32,'Base de donnée'!AR31:$AR31)-SUM('Base de donnée'!$AG31:AQ31,'Base de donnée'!AR30:$AR30))/SUM('Base de donnée'!$AG31:AQ31,'Base de donnée'!AR30:$AR30),"") | R875: =IFERROR((SUM('Base de donnée'!$AG32:AR32,'Base de donnée'!$AR31:AS31)-SUM('Base de donnée'!$AG31:AR31,'Base de donnée'!$AR30:AS30))/SUM('Base de donnée'!$AG31:AR31,'Base de donnée'!$AR30:AS30),"")
E883: Dispersion des caisses selon la part des pièces traitées en moins de 10 jours (minima sociaux)
R959: 8

Sheet tdb1_ems_alerte
A1: numorg | B1: vide1 | C1: del15_cc | D1: minima_cc | E1: vis20_cc | F1: txapptragt_cc | G1: vide2 | H1: del15_mm0 | I1: minima_mm0 | J1: vis20_mm0 | K1: txapptragt_mm0 | L1: vide3 | M1: del | N1: min | O1: vis | P1: tel | Q1: ind
A2: 02c | C2: 0.73449245 | D2: 0.7177302 | E2: 0.64834758 | F2: 0.88218284 | H2: 0.82509926 | I2: 0.6755908 | J2: 0.45687953 | K2: 0.90546084 | M2: 3 | N2: 4 | O2: 4 | P2: 1 | Q2: 0.74568827
A3: 04c | C3: 0.79809555 | D3: 0.8529679 | E3: 0.71927025 | F3: 0.89171053 | H3: 0.86505359 | I3: 0.86267882 | J3: 0.90394089 | K3: 0.89889411 | M3: 1 | N3: 4 | O3: 2 | P3: 4 | Q3: 0.81551106
A4: 04t | C4: 0.71941934 | D4: 0.90436416 | E4: 0.78753236 | F4: 0.92625984 | H4: 0.87594945 | I4: 0.87842178 | J4: 0.95240511 | K4: 0.92370828 | M4: 1 | N4: 4 | O4: 1 | P4: 2 | Q4: 0.83439392
A5: 04w | C5: 0.84659499 | D5: 0.96757994 | E5: 0.63024739 | F5: 0.91908502 | H5: 0.98211485 | I5: 0.98085485 | J5: 0.73437706 | K5: 0.90066815 | M5: 1 | N5: 1 | O5: 3 | P5: 2 | Q5: 0.84087683
A6: 01m | C6: 0.66843456 | D6: 0.8886898 | E6: 0.95497513 | F6: 0.85369222 | H6: 0.70606953 | I6: 0.87860671 | J6: 0.96100253 | K6: 0.83931837 | M6: 3 | N6: 3 | O6: 2 | P6: 3 | Q6: 0.84144793
A7: 03a | C7: 0.78749914 | D7: 0.8522813 | E7: 0.8693881 | F7: 0.91403733 | H7: 0.82720068 | I7: 0.97685873 | J7: 0.94444833 | M7: 3 | N7: 1 | O7: 1 | P7: 4 | Q7: 0.85580147
A8: 01x | C8: 0.93457873 | D8: 0.99696729 | E8: 0.6336257 | F8: 0.88817209 | H8: 0.82937976 | I8: 0.99779943 | J8: 0.53996737 | K8: 0.79030501 | M8: 3 | N8: 1 | O8: 3 | P8: 4 | Q8: 0.86333595
A9: 04h | C9: 0.90686476 | D9: 0.92164785 | E9: 0.74266654 | F9: 0.8879083 | H9: 0.89903897 | I9: 0.92339893 | J9: 0.77682994 | K9: 0.87067801 | M9: 1 | N9: 2 | O9: 4 | P9: 4 | Q9: 0.86477186
A10: 04r | C10: 0.77688759 | D10: 0.87605782 | E10: 0.88722656 | F10: 0.9271056 | H10: 0.81199405 | I10: 0.89158187 | J10: 0.88317967 | K10: 0.90732696 | M10: 3 | N10: 4 | O10: 2 | P10: 2 | Q10: 0.86681939
A11: 01h | C11: 0.82096833 | D11: 0.89473579 | E11: 0.87062082 | F11: 0.89581633 | H11: 0.91620048 | I11: 0.9130033 | J11: 0.85326777 | K11: 0.82453544 | M11: 1 | N11: 2 | O11: 1 | P11: 4 | Q11: 0.87053532
A12: 02k | C12: 0.80552693 | D12: 0.89912307 | E12: 0.83853431 | F12: 0.94219504 | H12: 0.81639162 | I12: 0.92086111 | J12: 0.83936022 | K12: 0.89251075 | M12: 3 | N12: 2 | O12: 4 | P12: 4 | Q12: 0.87134483
A13: 04p | C13: 0.73650558 | D13: 0.88853323 | E13: 0.96851311 | F13: 0.91336098 | H13: 0.73470496 | I13: 0.88103615 | J13: 0.96892425 | K13: 0.8490062 | M13: 3 | N13: 3 | O13: 2 | P13: 4 | Q13: 0.87672823
A14: 01v | C14: 0.7860051 | D14: 0.90884906 | E14: 0.99792707 | F14: 0.8252616 | H14: 0.87612075 | I14: 0.88325991 | J14: 1 | K14: 0.77749295 | M14: 1 | N14: 3 | O14: 1 | P14: 4 | Q14: 0.87951071
A15: 04b | C15: 0.78062862 | D15: 0.93961203 | E15: 0.91286324 | F15: 0.89369116 | H15: 0.8445572 | I15: 0.96603876 | J15: 0.9987975 | K15: 0.93509894 | M15: 3 | N15: 1 | O15: 1 | P15: 1 | Q15: 0.88169876
A16: 02a | C16: 0.78676248 | D16: 0.88446295 | E16: 0.97741719 | F16: 0.88425051 | H16: 0.92616498 | I16: 0.89318814 | J16: 0.98091106 | K16: 0.90666555 | M16: 1 | N16: 4 | O16: 1 | P16: 2 | Q16: 0.88322328
A17: 02b | C17: 0.87331132 | D17: 0.8995235 | E17: 0.84678689 | F17: 0.91449232 | H17: 0.94518746 | I17: 0.96531181 | J17: 0.95747451 | K17: 0.94269629 | M17: 1 | N17: 1 | O17: 2 | P17: 1 | Q17: 0.88352851
A18: 04x | C18: 0.90190898 | D18: 0.95145243 | E18: 0.88551493 | F18: 0.79877546 | H18: 0.95525012 | I18: 0.9713759 | J18: 0.90701749 | K18: 0.89998313 | M18: 1 | N18: 1 | O18: 2 | P18: 3 | Q18: 0.88441295
A19: 01w | C19: 0.76063529 | D19: 0.91695458 | E19: 0.97317321 | F19: 0.90244624 | H19: 0.98449524 | I19: 0.94701987 | J19: 0.97088083 | K19: 0.89795708 | M19: 1 | N19: 1 | O19: 2 | P19: 4 | Q19: 0.88830233
... A24: 03i | C24: 0.79587679 | D24: 0.94966682 | E24: 0.92083477 | F24: 0.90558393 | H24: 0.98244146 | I24: 0.99504059 | J24: 0.96443467 | K24: 0.87878587 | M24: 1 | N24: 1 | O24: 1 | P24: 4 | Q24: 0.89299058
A25: 02z | C25: 0.92034524 | D25: 0.92587531 | E25: 0.80070426 | F25: 0.93467624 | H25: 0.93424448 | I25: 0.99743562 | J25: 0.94199179 | M25: 1 | N25: 1 | O25: 1 | P25: 4 | Q25: 0.89540026
A26: 03y | C26: 0.8383815 | D26: 0.97258543 | E26: 0.87532872 | F26: 0.91498653 | H26: 0.99263349 | I26: 0.99359135 | J26: 0.88848087 | K26: 0.93102539 | M26: 1 | N26: 1 | O26: 2 | P26: 1 | Q26: 0.90032054
A27: 03z | C27: 0.81270907 | D27: 0.95072267 | E27: 0.94903773 | F27: 0.90223353 | H27: 0.85499867 | I27: 0.9523712 | J27: 0.958718 | K27: 0.88140405 | M27: 1 | N27: 1 | O27: 1 | P27: 3 | Q27: 0.90367575
A28: 04s | C28: 0.87586434 | D28: 0.97054704 | E28: 0.93856788 | F28: 0.84976188 | H28: 0.89717466 | I28: 0.97352279 | J28: 0.91735892 | K28: 0.84675554 | M28: 1 | N28: 2 | O28: 2 | P28: 4 | Q28: 0.90868529
A29: 04i | C29: 0.85659173 | D29: 0.95341152 | E29: 0.95558982 | F29: 0.88622275 | H29: 0.97513278 | I29: 0.94436391 | J29: 0.97651634 | K29: 0.78203455 | M29: 1 | N29: 1 | O29: 1 | P29: 4 | Q29: 0.91295395
A30: 03e | C30: 0.89394217 | D30: 0.99586492 | E30: 0.86428661 | F30: 0.90140023 | H30: 0.95821505 | I30: 0.9979085 | J30: 0.89254477 | K30: 0.88871438 | M30: 1 | N30: 1 | O30: 1 | P30: 4 | Q30: 0.91387348
A31: 01c | C31: 0.84420281 | D31: 0.92282361 | E31: 0.99912748 | F31: 0.89145837 | H31: 0.84323637 | I31: 0.93628247 | J31: 0.999357 | K31: 0.78689788 | M31: 4 | N31: 2 | O31: 2 | P31: 4 | Q31: 0.91440307
A32: 000 | C32: 0.88970316 | D32: 0.95042381 | E32: 0.91326402 | F32: 0.90532287 | H32: 0.93215764 | I32: 0.96065737 | J32: 0.94343431 | K32: 0.88080203 | M32: 1 | N32: 1 | O32: 1 | P32: 4 | Q32: 0.91467847
A33: 04q | C33: 0.88271651 | D33: 0.93702523 | E33: 0.93009853 | F33: 0.92475865 | H33: 0.93929724 | I33: 0.9306451 | J33: 0.94875056 | K33: 0.86714758 | M33: 1 | N33: 2 | O33: 1 | P33: 4 | Q33: 0.91864973
A34: 04j | C34: 0.87793385 | D34: 0.97766745 | E34: 0.92668771 | F34: 0.89482917 | H34: 0.9319504 | I34: 0.99424533 | J34: 0.93246968 | K34: 0.79363265 | M34: 2 | N34: 1 | O34: 2 | P34: 4 | Q34: 0.91927955
A35: 01f | C35: 0.81873601 | D35: 0.96748847 | E35: 0.9968254 | F35: 0.90702099 | H35: 0.77342956 | I35: 0.97340181 | J35: 1 | K35: 0.91926937 | M35: 3 | N35: 2 | O35: 1 | P35: 2 | Q35: 0.92251772
A36: 02h | C36: 0.89840983 | D36: 0.95262921 | E36: 0.93781528 | F36: 0.90135436 | H36: 0.93029767 | I36: 0.96663606 | J36: 0.9667912 | K36: 0.909388 | M36: 2 | N36: 2 | O36: 1 | P36: 2 | Q36: 0.92255217
A37: 03d | C37: 0.97013031 | D37: 0.9975137 | E37: 0.83845066 | F37: 0.88654781 | H37: 0.92469831 | I37: 0.99860238 | J37: 0.868262 | K37: 0.7861695 | M37: 2 | N37: 1 | O37: 2 | P37: 4 | Q37: 0.92316062
... A84: 03j | C84: 0.99427612 | D84: 0.98009302 | E84: 0.94526833 | F84: 0.92407103 | H84: 0.99725187 | I84: 0.99913114 | J84: 0.96726217 | K84: 0.9070313 | M84: 1 | N84: 1 | O84: 1 | P84: 1 | Q84: 0.96092712
A85: 01l | C85: 0.9473116 | D85: 0.99072885 | E85: 0.93518116 | F85: 0.97205642 | H85: 0.98693229 | I85: 0.99072188 | J85: 0.95468441 | M85: 1 | N85: 1 | O85: 1 | P85: 4 | Q85: 0.96131951
A86: 04v | C86: 0.99421699 | D86: 0.97827627 | E86: 0.93607889 | F86: 0.94193926 | H86: 0.98551127 | I86: 0.9542565 | J86: 0.93607306 | K86: 0.93303979 | M86: 2 | N86: 2 | O86: 1 | P86: 2 | Q86: 0.96262785
A87: 04l | C87: 0.99704145 | D87: 0.99875152 | E87: 0.92343479 | F87: 0.9315474 | H87: 0.99580597 | I87: 0.9971867 | J87: 0.98379409 | K87: 0.94126246 | M87: 2 | N87: 2 | O87: 1 | P87: 1 | Q87: 0.96269379
A88: 04u | C88: 0.98534647 | D88: 0.98588575 | E88: 0.95391525 | F88: 0.92822741 | H88: 0.98418854 | I88: 0.98759083 | J88: 0.94026586 | K88: 0.91864163 | M88: 1 | N88: 1 | O88: 2 | P88: 2 | Q88: 0.96334372
A89: 01a | C89: 0.95843991 | D89: 0.98810694 | E89: 0.99590293 | F89: 0.91253873 | H89: 0.99294636 | I89: 0.98819124 | J89: 0.99529412 | K89: 0.88426995 | M89: 1 | N89: 2 | O89: 1 | P89: 4 | Q89: 0.96374713
A90: 02v | C90: 0.9815806 | D90: 0.99072283 | E90: 0.91310613 | F90: 0.97128937 | H90: 0.97126902 | I90: 0.99067871 | J90: 0.93108048 | K90: 0.95754835 | M90: 2 | N90: 1 | O90: 2 | P90: 2 | Q90: 0.96417473
A91: 02y | C91: 0.9986886 | D91: 0.99889761 | E91: 0.92513335 | F91: 0.93527393 | H91: 0.99927032 | I91: 0.99954332 | J91: 0.91617167 | K91: 0.90593642 | M91: 1 | N91: 2 | O91: 2 | P91: 2 | Q91: 0.96449837
A92: 02d | C92: 0.97320403 | D92: 0.99580032 | E92: 0.99802617 | F92: 0.8932956 | H92: 0.97500235 | I92: 0.99374218 | J92: 0.99886589 | K92: 0.79279491 | M92: 2 | N92: 2 | O92: 1 | P92: 4 | Q92: 0.96508153
A93: 03g | C93: 0.99094646 | D93: 0.99745992 | E93: 0.9673595 | F93: 0.90590643 | H93: 0.98389154 | I93: 0.99872204 | J93: 0.97747851 | K93: 0.89589491 | M93: 2 | N93: 1 | O93: 1 | P93: 4 | Q93: 0.96541808
A94: 04d | C94: 0.95989703 | D94: 0.9722306 | E94: 0.99985737 | F94: 0.93580487 | H94: 0.98767748 | I94: 0.94407051 | J94: 0.9996512 | M94: 2 | N94: 1 | O94: 2 | P94: 4 | Q94: 0.96694747
A95: 01z | C95: 0.9983521 | D95: 0.99572919 | E95: 0.90311649 | F95: 0.97408643 | H95: 0.99822594 | I95: 0.99842919 | J95: 0.90541543 | K95: 0.97288475 | M95: 2 | N95: 1 | O95: 2 | P95: 2 | Q95: 0.96782105
A96: 02m | C96: 0.99316661 | D96: 0.99923489 | E96: 0.98683474 | F96: 0.89566515 | H96: 0.9993807 | I96: 0.99928354 | J96: 0.99585791 | K96: 0.79512154 | M96: 1 | N96: 2 | O96: 1 | P96: 4 | Q96: 0.96872535
A97: 03p | C97: 0.99174787 | D97: 0.98028427 | E97: 1 | F97: 0.90679876 | H97: 0.99749949 | I97: 0.99488893 | J97: 1 | K97: 0.91963394 | M97: 1 | N97: 1 | O97: 1 | P97: 2 | Q97: 0.96970773
A98: 03b | C98: 0.99981072 | D98: 0.99769725 | E98: 0.98822262 | F98: 0.90095223 | H98: 0.99996264 | I98: 0.99943883 | J98: 0.98336694 | K98: 0.89105996 | M98: 1 | N98: 1 | O98: 2 | P98: 4 | Q98: 0.97167071
A99: 01i | C99: 0.99884058 | D99: 0.99982355 | E99: 0.98902682 | F99: 0.89980991 | H99: 0.9978563 | I99: 1 | J99: 0.98961284 | K99: 0.9028799 | M99: 2 | N99: 1 | O99: 2 | P99: 2 | Q99: 0.97187521
A100: 01k | C100: 0.99920035 | D100: 0.99939236 | E100: 0.95522331 | F100: 0.93518738 | H100: 0.99956911 | I100: 0.99991539 | J100: 0.96400058 | K100: 0.91796673 | M100: 1 | N100: 1 | O100: 2 | P100: 2 | Q100: 0.97225085
A101: 02w | C101: 0.99909893 | D101: 0.99772131 | E101: 0.95643101 | F101: 0.94729977 | H101: 0.99940592 | I101: 0.99987418 | J101: 0.9597164 | K101: 0.94061326 | M101: 2 | N101: 1 | O101: 2 | P101: 2 | Q101: 0.97513775
A102: 02l | C102: 0.99577654 | D102: 0.99168728 | E102: 0.9976441 | F102: 0.92159182 | H102: 0.99686339 | I102: 0.99227166 | J102: 0.99609048 | K102: 0.91818182 | M102: 2 | N102: 2 | O102: 2 | P102: 2 | Q102: 0.97667494
A103: 03r | C103: 0.99655329 | D103: 0.99903019 | E103: 0.99770286 | F103: 0.94389374 | H103: 0.99867713 | I103: 0.99954166 | J103: 0.9972329 | K103: 0.97300324 | M103: 2 | N103: 1 | O103: 1 | P103: 1 | Q103: 0.98429502
A104: 01r | C104: 0.99015385 | D104: 0.99313501 | E104: 1 | F104: 0.96135023 | H104: 0.96618557 | I104: 0.97101449 | J104: 1 | K104: 0.9526216 | M104: 2 | N104: 2 | O104: 1 | P104: 1 | Q104: 0.98615977

Sheet tdb2_alerte
J4: LES CAISSES EN ALERTE EN JUILLET 2015
J5: AVANT VALIDATION RNDC
F7: Déclenchement des alertes : | M7: Résultat annuel cumulé non | Q7: Objectif mensuel non atteint et résultats
F8: Délai de traitement <=15 jours | H8: 0.85 | M8: conforme à l'objectif | Q8: en dégradation / mois précédent
F9: Délai de traitement minima sociaux | H9: 0.9 | Q9: Objectif mensuel non atteint mais en
F10: % de visites avec un temps d'attente < 20 minute | H10: 0.85 | M10: Résultat annuel cumulé | Q10: amélioration / au mois précédent
F11: Taux appels traités agents | H11: 0.9 | M11: conforme à l'objectif | Q11: Objectif atteint mais en dégradation /
Q12: au mois précédent
Q13: Objectif atteint et en amélioration / au mois précédent
J15: RESULTATS CUMULES 2015 | P15: Résultat juillet 2015
F16: Classement | G16: Code | I16: Delai de traitement 15 jours | J16: Delai de traitement minima sociaux | K16: Visites<20 minutes | L16: Taux appels traités agents | P16: Délai de traitement 15j | Q16: Minima sociaux | R16: Taux visite 20min | S16: Taux appels traités agents | V16: del | W16: min | X16: vis | Y16: tel | Z16: ind
F17: 103 | G17: 02c | I17: 0.73449245 | J17: 0.7177302 | K17: 0.64834758 | L17: 0.88218284 | P17: 0.82509926 | Q17: 0.6755908 | R17: 0.45687953 | S17: 0.90546084 | V17: 3 | W17: 4 | X17: 4 | Y17: 2 | Z17: 0.74568827
F18: 102 | G18: 04c | I18: 0.79809555 | J18: 0.8529679 | K18: 0.71927025 | L18: 0.89171053 | P18: 0.86505359 | Q18: 0.86267882 | R18: 0.90394089 | S18: 0.89889411 | V18: 1 | W18: 4 | X18: 2 | Y18: 4 | Z18: 0.81551106
F19: 101 | G19: 04t | I19: 0.71941934 | J19: 0.90436416 | K19: 0.78753236 | L19: 0.92625984 | P19: 0.87594945 | Q19: 0.87842178 | R19: 0.95240511 | S19: 0.92370828 | V19: 1 | W19: 4 | X19: 1 | Y19: 1 | Z19: 0.83439392
F20: 100 | G20: 04w | I20: 0.84659499 | J20: 0.96757994 | K20: 0.63024739 | L20: 0.91908502 | P20: 0.98211485 | Q20: 0.98085485 | R20: 0.73437706 | S20: 0.90066815 | V20: 1 | W20: 1 | X20: 3 | Y20: 2 | Z20: 0.84087683
F21: 99 | G21: 01m | I21: 0.66843456 | J21: 0.8886898 | K21: 0.95497513 | L21: 0.85369222 | P21: 0.70606953 | Q21: 0.87860671 | R21: 0.96100253 | S21: 0.83931837 | V21: 3 | W21: 3 | X21: 2 | Y21: 4 | Z21: 0.84144793
F22: 98 | G22: 03a | I22: 0.78749914 | J22: 0.8522813 | K22: 0.8693881 | L22: 0.91403733 | P22: 0.82720068 | Q22: 0.97685873 | R22: 0.94444833 | V22: 3 | W22: 1 | X22: 1 | Y22: 4 | Z22: 0.85580147
F23: 97 | G23: 01x | I23: 0.93457873 | J23: 0.99696729 | K23: 0.6336257 | L23: 0.88817209 | P23: 0.82937976 | Q23: 0.99779943 | R23: 0.53996737 | S23: 0.79030501 | V23: 3 | W23: 1 | X23: 3 | Y23: 4 | Z23: 0.86333595
F24: 96 | G24: 04h | I24: 0.90686476 | J24: 0.92164785 | K24: 0.74266654 | L24: 0.8879083 | P24: 0.89903897 | Q24: 0.92339893 | R24: 0.77682994 | S24: 0.87067801 | V24: 1 | W24: 2 | X24: 4 | Y24: 4 | Z24: 0.86477186
F25: 95 | G25: 04r | I25: 0.77688759 | J25: 0.87605782 | K25: 0.88722656 | L25: 0.9271056 | P25: 0.81199405 | Q25: 0.89158187 | R25: 0.88317967 | S25: 0.90732696 | V25: 3 | W25: 4 | X25: 2 | Y25: 2 | Z25: 0.86681939
F26: 94 | G26: 01h | I26: 0.82096833 | J26: 0.89473579 | K26: 0.87062082 | L26: 0.89581633 | P26: 0.91620048 | Q26: 0.9130033 | R26: 0.85326777 | S26: 0.82453544 | V26: 1 | W26: 2 | X26: 1 | Y26: 1 | Z26: 0.87053532
F27: 93 | G27: 02k | I27: 0.80552693 | J27: 0.89912307 | K27: 0.83853431 | L27: 0.94219504 | P27: 0.81639162 | Q27: 0.92086111 | R27: 0.83936022 | S27: 0.89251075 | V27: 3 | W27: 2 | X27: 4 | Y27: 4 | Z27: 0.87134483
F28: 92 | G28: 04p | I28: 0.73650558 | J28: 0.88853323 | K28: 0.96851311 | L28: 0.91336098 | P28: 0.73470496 | Q28: 0.88103615 | R28: 0.96892425 | S28: 0.8490062 | V28: 3 | W28: 3 | X28: 2 | Y28: 4 | Z28: 0.87672823
F29: 91 | G29: 01v | I29: 0.7860051 | J29: 0.90884906 | K29: 0.99792707 | L29: 0.8252616 | P29: 0.87612075 | Q29: 0.88325991 | R29: 1 | S29: 0.77749295 | V29: 1 | W29: 3 | X29: 1 | Y29: 3 | Z29: 0.87951071
F30: 90 | G30: 04b | I30: 0.78062862 | J30: 0.93961203 | K30: 0.91286324 | L30: 0.89369116 | P30: 0.8445572 | Q30: 0.96603876 | R30: 0.9987975 | S30: 0.93509894 | V30: 3 | W30: 1 | X30: 1 | Y30: 1 | Z30: 0.88169876
F31: 89 | G31: 02a | I31: 0.78676248 | J31: 0.88446295 | K31: 0.97741719 | L31: 0.88425051 | P31: 0.92616498 | Q31: 0.89318814 | R31: 0.98091106 | S31: 0.90666555 | V31: 1 | W31: 4 | X31: 1 | Y31: 1 | Z31: 0.88322328
F32: 88 | G32: 02b | I32: 0.87331132 | J32: 0.8995235 | K32: 0.84678689 | L32: 0.91449232 | P32: 0.94518746 | Q32: 0.96531181 | R32: 0.95747451 | S32: 0.94269629 | V32: 1 | W32: 1 | X32: 2 | Y32: 1 | Z32: 0.88352851
F33: 87 | G33: 04x | I33: 0.90190898 | J33: 0.95145243 | K33: 0.88551493 | L33: 0.79877546 | P33: 0.95525012 | Q33: 0.9713759 | R33: 0.90701749 | S33: 0.89998313 | V33: 1 | W33: 1 | X33: 2 | Y33: 3 | Z33: 0.88441295
F34: 86 | G34: 01w | I34: 0.76063529 | J34: 0.91695458 | K34: 0.97317321 | L34: 0.90244624 | P34: 0.98449524 | Q34: 0.94701987 | R34: 0.97088083 | S34: 0.89795708 | V34: 1 | W34: 1 | X34: 2 | Y34: 3 | Z34: 0.88830233
... F39: 81 | G39: 03i | I39: 0.79587679 | J39: 0.94966682 | K39: 0.92083477 | L39: 0.90558393 | P39: 0.98244146 | Q39: 0.99504059 | R39: 0.96443467 | S39: 0.87878587 | V39: 1 | W39: 1 | X39: 1 | Y39: 3 | Z39: 0.89299058
F40: 80 | G40: 02z | I40: 0.92034524 | J40: 0.92587531 | K40: 0.80070426 | L40: 0.93467624 | P40: 0.93424448 | Q40: 0.99743562 | R40: 0.94199179 | V40: 1 | W40: 1 | X40: 1 | Y40: 3 | Z40: 0.89540026
F41: 79 | G41: 03y | I41: 0.8383815 | J41: 0.97258543 | K41: 0.87532872 | L41: 0.91498653 | P41: 0.99263349 | Q41: 0.99359135 | R41: 0.88848087 | S41: 0.93102539 | V41: 1 | W41: 1 | X41: 2 | Y41: 2 | Z41: 0.90032054
F42: 78 | G42: 03z | I42: 0.81270907 | J42: 0.95072267 | K42: 0.94903773 | L42: 0.90223353 | P42: 0.85499867 | Q42: 0.9523712 | R42: 0.958718 | S42: 0.88140405 | V42: 1 | W42: 1 | X42: 1 | Y42: 4 | Z42: 0.90367575
F43: 77 | G43: 04s | I43: 0.87586434 | J43: 0.97054704 | K43: 0.93856788 | L43: 0.84976188 | P43: 0.89717466 | Q43: 0.97352279 | R43: 0.91735892 | S43: 0.84675554 | V43: 1 | W43: 2 | X43: 2 | Y43: 3 | Z43: 0.90868529
F44: 76 | G44: 04i | I44: 0.85659173 | J44: 0.95341152 | K44: 0.95558982 | L44: 0.88622275 | P44: 0.97513278 | Q44: 0.94436391 | R44: 0.97651634 | S44: 0.78203455 | V44: 1 | W44: 1 | X44: 1 | Y44: 3 | Z44: 0.91295395
F45: 75 | G45: 03e | I45: 0.89394217 | J45: 0.99586492 | K45: 0.86428661 | L45: 0.90140023 | P45: 0.95821505 | Q45: 0.9979085 | R45: 0.89254477 | S45: 0.88871438 | V45: 1 | W45: 1 | X45: 1 | Y45: 3 | Z45: 0.91387348
F46: 74 | G46: 01c | I46: 0.84420281 | J46: 0.92282361 | K46: 0.99912748 | L46: 0.89145837 | P46: 0.84323637 | Q46: 0.93628247 | R46: 0.999357 | S46: 0.78689788 | V46: 4 | W46: 2 | X46: 2 | Y46: 4 | Z46: 0.91440307
F47: 73 | G47: 000 | I47: 0.88970316 | J47: 0.95042381 | K47: 0.91326402 | L47: 0.90532287 | P47: 0.93215764 | Q47: 0.96065737 | R47: 0.94343431 | S47: 0.88080203 | V47: 1 | W47: 1 | X47: 1 | Y47: 3 | Z47: 0.91467847
F48: 72 | G48: 04q | I48: 0.88271651 | J48: 0.93702523 | K48: 0.93009853 | L48: 0.92475865 | P48: 0.93929724 | Q48: 0.9306451 | R48: 0.94875056 | S48: 0.86714758 | V48: 1 | W48: 2 | X48: 1 | Y48: 3 | Z48: 0.91864973
F49: 71 | G49: 04j | I49: 0.87793385 | J49: 0.97766745 | K49: 0.92668771 | L49: 0.89482917 | P49: 0.9319504 | Q49: 0.99424533 | R49: 0.93246968 | S49: 0.79363265 | V49: 2 | W49: 1 | X49: 2 | Y49: 3 | Z49: 0.91927955
F50: 70 | G50: 01f | I50: 0.81873601 | J50: 0.96748847 | K50: 0.9968254 | L50: 0.90702099 | P50: 0.77342956 | Q50: 0.97340181 | R50: 1 | S50: 0.91926937 | V50: 3 | W50: 2 | X50: 1 | Y50: 1 | Z50: 0.92251772
F51: 69 | G51: 02h | I51: 0.89840983 | J51: 0.95262921 | K51: 0.93781528 | L51: 0.90135436 | P51: 0.93029767 | Q51: 0.96663606 | R51: 0.9667912 | S51: 0.909388 | V51: 2 | W51: 2 | X51: 1 | Y51: 1 | Z51: 0.92255217
F52: 68 | G52: 03d | I52: 0.97013031 | J52: 0.9975137 | K52: 0.83845066 | L52: 0.88654781 | P52: 0.92469831 | Q52: 0.99860238 | R52: 0.868262 | S52: 0.7861695 | V52: 2 | W52: 1 | X52: 2 | Y52: 3 | Z52: 0.92316062
... F102: 21 | G102: 03j | I102: 0.99427612 | J102: 0.98009302 | K102: 0.94526833 | L102: 0.92407103 | P102: 0.99725187 | Q102: 0.99913114 | R102: 0.96726217 | S102: 0.9070313 | V102: 1 | W102: 1 | X102: 1 | Y102: 1 | Z102: 0.96092712
F103: 20 | G103: 01l | I103: 0.9473116 | J103: 0.99072885 | K103: 0.93518116 | L103: 0.97205642 | P103: 0.98693229 | Q103: 0.99072188 | R103: 0.95468441 | V103: 1 | W103: 1 | X103: 1 | Y103: 4 | Z103: 0.96131951
F104: 19 | G104: 04v | I104: 0.99421699 | J104: 0.97827627 | K104: 0.93607889 | L104: 0.94193926 | P104: 0.98551127 | Q104: 0.9542565 | R104: 0.93607306 | S104: 0.93303979 | V104: 2 | W104: 2 | X104: 1 | Y104: 2 | Z104: 0.96262785
F105: 18 | G105: 04l | I105: 0.99704145 | J105: 0.99875152 | K105: 0.92343479 | L105: 0.9315474 | P105: 0.99580597 | Q105: 0.9971867 | R105: 0.98379409 | S105: 0.94126246 | V105: 2 | W105: 2 | X105: 1 | Y105: 1 | Z105: 0.96269379
F106: 17 | G106: 04u | I106: 0.98534647 | J106: 0.98588575 | K106: 0.95391525 | L106: 0.92822741 | P106: 0.98418854 | Q106: 0.98759083 | R106: 0.94026586 | S106: 0.91864163 | V106: 1 | W106: 1 | X106: 2 | Y106: 2 | Z106: 0.96334372
F107: 16 | G107: 01a | I107: 0.95843991 | J107: 0.98810694 | K107: 0.99590293 | L107: 0.91253873 | P107: 0.99294636 | Q107: 0.98819124 | R107: 0.99529412 | S107: 0.88426995 | V107: 1 | W107: 2 | X107: 1 | Y107: 3 | Z107: 0.96374713
F108: 15 | G108: 02v | I108: 0.9815806 | J108: 0.99072283 | K108: 0.91310613 | L108: 0.97128937 | P108: 0.97126902 | Q108: 0.99067871 | R108: 0.93108048 | S108: 0.95754835 | V108: 2 | W108: 1 | X108: 2 | Y108: 2 | Z108: 0.96417473
F109: 14 | G109: 02y | I109: 0.9986886 | J109: 0.99889761 | K109: 0.92513335 | L109: 0.93527393 | P109: 0.99927032 | Q109: 0.99954332 | R109: 0.91617167 | S109: 0.90593642 | V109: 1 | W109: 2 | X109: 2 | Y109: 1 | Z109: 0.96449837
F110: 13 | G110: 02d | I110: 0.97320403 | J110: 0.99580032 | K110: 0.99802617 | L110: 0.8932956 | P110: 0.97500235 | Q110: 0.99374218 | R110: 0.99886589 | S110: 0.79279491 | V110: 2 | W110: 2 | X110: 1 | Y110: 3 | Z110: 0.96508153
F111: 12 | G111: 03g | I111: 0.99094646 | J111: 0.99745992 | K111: 0.9673595 | L111: 0.90590643 | P111: 0.98389154 | Q111: 0.99872204 | R111: 0.97747851 | S111: 0.89589491 | V111: 2 | W111: 1 | X111: 1 | Y111: 3 | Z111: 0.96541808
F112: 11 | G112: 04d | I112: 0.95989703 | J112: 0.9722306 | K112: 0.99985737 | L112: 0.93580487 | P112: 0.98767748 | Q112: 0.94407051 | R112: 0.9996512 | V112: 2 | W112: 1 | X112: 2 | Y112: 3 | Z112: 0.96694747
F113: 10 | G113: 01z | I113: 0.9983521 | J113: 0.99572919 | K113: 0.90311649 | L113: 0.97408643 | P113: 0.99822594 | Q113: 0.99842919 | R113: 0.90541543 | S113: 0.97288475 | V113: 2 | W113: 1 | X113: 2 | Y113: 2 | Z113: 0.96782105
F114: 9 | G114: 02m | I114: 0.99316661 | J114: 0.99923489 | K114: 0.98683474 | L114: 0.89566515 | P114: 0.9993807 | Q114: 0.99928354 | R114: 0.99585791 | S114: 0.79512154 | V114: 1 | W114: 2 | X114: 1 | Y114: 3 | Z114: 0.96872535
F115: 8 | G115: 03p | I115: 0.99174787 | J115: 0.98028427 | K115: 1 | L115: 0.90679876 | P115: 0.99749949 | Q115: 0.99488893 | R115: 1 | S115: 0.91963394 | V115: 1 | W115: 1 | X115: 1 | Y115: 1 | Z115: 0.96970773
F116: 7 | G116: 03b | I116: 0.99981072 | J116: 0.99769725 | K116: 0.98822262 | L116: 0.90095223 | P116: 0.99996264 | Q116: 0.99943883 | R116: 0.98336694 | S116: 0.89105996 | V116: 1 | W116: 1 | X116: 2 | Y116: 3 | Z116: 0.97167071
F117: 6 | G117: 01i | I117: 0.99884058 | J117: 0.99982355 | K117: 0.98902682 | L117: 0.89980991 | P117: 0.9978563 | Q117: 1 | R117: 0.98961284 | S117: 0.9028799 | V117: 2 | W117: 1 | X117: 2 | Y117: 1 | Z117: 0.97187521
F118: 5 | G118: 01k | I118: 0.99920035 | J118: 0.99939236 | K118: 0.95522331 | L118: 0.93518738 | P118: 0.99956911 | Q118: 0.99991539 | R118: 0.96400058 | S118: 0.91796673 | V118: 1 | W118: 1 | X118: 2 | Y118: 1 | Z118: 0.97225085
F119: 4 | G119: 02w | I119: 0.99909893 | J119: 0.99772131 | K119: 0.95643101 | L119: 0.94729977 | P119: 0.99940592 | Q119: 0.99987418 | R119: 0.9597164 | S119: 0.94061326 | V119: 2 | W119: 1 | X119: 2 | Y119: 1 | Z119: 0.97513775
F120: 3 | G120: 02l | I120: 0.99577654 | J120: 0.99168728 | K120: 0.9976441 | L120: 0.92159182 | P120: 0.99686339 | Q120: 0.99227166 | R120: 0.99609048 | S120: 0.91818182 | V120: 2 | W120: 2 | X120: 2 | Y120: 1 | Z120: 0.97667494
F121: 2 | G121: 03r | I121: 0.99655329 | J121: 0.99903019 | K121: 0.99770286 | L121: 0.94389374 | P121: 0.99867713 | Q121: 0.99954166 | R121: 0.9972329 | S121: 0.97300324 | V121: 2 | W121: 1 | X121: 1 | Y121: 1 | Z121: 0.98429502
F122: 1 | G122: 01r | I122: 0.99015385 | J122: 0.99313501 | K122: 1 | L122: 0.96135023 | P122: 0.96618557 | Q122: 0.97101449 | R122: 1 | S122: 0.9526216 | V122: 2 | W122: 2 | X122: 1 | Y122: 1 | Z122: 0.98615977
